country_code,country_name,year,gdp_meur
AL,AL,1995,2217.9
AL,AL,1996,2548.1
AL,AL,1997,1998.1
AL,AL,1998,2330.5
AL,AL,1999,3086.0
AL,AL,2000,3893.5
AL,AL,2001,4539.0
AL,AL,2002,4789.5
AL,AL,2003,5095.7
AL,AL,2004,5956.3
AL,AL,2005,6639.8
AL,AL,2006,7293.6
AL,AL,2007,8131.4
AL,AL,2008,9058.0
AL,AL,2009,8871.8
AL,AL,2010,9117.0
AL,AL,2011,9328.0
AL,AL,2012,9528.7
AL,AL,2013,9641.0
AL,AL,2014,10020.0
AL,AL,2015,10339.2
AL,AL,2016,10835.1
AL,AL,2017,11770.8
AL,AL,2018,13016.9
AL,AL,2019,13917.9
AL,AL,2020,13379.5
AL,AL,2021,15243.1
AL,AL,2022,18068.1
AL,AL,2023,21730.5
AL,AL,2024,25000.7
AT,Austria,1995,183629.2
AT,Austria,1996,185944.9
AT,Austria,1997,186913.0
AT,Austria,1998,193947.0
AT,Austria,1999,203064.9
AT,Austria,2000,212406.8
AT,Austria,2001,219373.3
AT,Austria,2002,225087.9
AT,Austria,2003,230541.9
AT,Austria,2004,240541.7
AT,Austria,2005,252354.9
AT,Austria,2006,265933.7
AT,Austria,2007,282208.2
AT,Austria,2008,291846.2
AT,Austria,2009,286274.1
AT,Austria,2010,294050.6
AT,Austria,2011,308167.0
AT,Austria,2012,316589.4
AT,Austria,2013,321191.7
AT,Austria,2014,330113.5
AT,Austria,2015,342083.5
AT,Austria,2016,355665.6
AT,Austria,2017,367294.9
AT,Austria,2018,383234.3
AT,Austria,2019,395706.8
AT,Austria,2020,380317.9
AT,Austria,2021,406231.5
AT,Austria,2022,449382.2
AT,Austria,2023,477837.3
AT,Austria,2024,494087.6
AT,Austria,2025,514328.1
BA,BA,2000,6043.3
BA,BA,2001,6482.2
BA,BA,2002,7149.1
BA,BA,2003,7530.3
BA,BA,2004,8179.7
BA,BA,2005,9024.5
BA,BA,2006,10255.1
BA,BA,2007,11528.5
BA,BA,2008,13047.8
BA,BA,2009,12679.3
BA,BA,2010,12968.9
BA,BA,2011,13411.8
BA,BA,2012,13407.5
BA,BA,2013,13691.8
BA,BA,2014,13988.3
BA,BA,2015,14791.1
BA,BA,2016,15474.3
BA,BA,2017,16260.5
BA,BA,2018,17354.2
BA,BA,2019,18296.5
BA,BA,2020,17755.9
BA,BA,2021,20014.7
BA,BA,2022,23324.1
BA,BA,2023,25523.8
BA,BA,2024,27483.1
BE,Belgium,1995,220251.5
BE,Belgium,1996,219965.3
BE,Belgium,1997,223032.7
BE,Belgium,1998,231015.7
BE,Belgium,1999,242307.6
BE,Belgium,2000,256376.4
BE,Belgium,2001,264334.9
BE,Belgium,2002,273255.9
BE,Belgium,2003,281200.2
BE,Belgium,2004,296819.7
BE,Belgium,2005,310037.6
BE,Belgium,2006,325151.5
BE,Belgium,2007,343618.9
BE,Belgium,2008,351743.1
BE,Belgium,2009,347734.9
BE,Belgium,2010,363242.4
BE,Belgium,2011,378745.4
BE,Belgium,2012,387934.9
BE,Belgium,2013,394616.3
BE,Belgium,2014,404958.3
BE,Belgium,2015,415538.0
BE,Belgium,2016,428467.1
BE,Belgium,2017,443407.2
BE,Belgium,2018,459491.8
BE,Belgium,2019,479444.9
BE,Belgium,2020,463750.9
BE,Belgium,2021,506047.2
BE,Belgium,2022,561678.2
BE,Belgium,2023,601866.5
BE,Belgium,2024,619914.3
BE,Belgium,2025,642015.3
BG,Bulgaria,1995,14518.4
BG,Bulgaria,1996,9827.9
BG,Bulgaria,1997,10064.7
BG,Bulgaria,1998,13437.4
BG,Bulgaria,1999,12804.2
BG,Bulgaria,2000,14440.0
BG,Bulgaria,2001,15905.3
BG,Bulgaria,2002,17478.3
BG,Bulgaria,2003,18798.3
BG,Bulgaria,2004,21093.2
BG,Bulgaria,2005,24039.9
BG,Bulgaria,2006,27409.6
BG,Bulgaria,2007,32464.2
BG,Bulgaria,2008,37246.1
BG,Bulgaria,2009,37417.1
BG,Bulgaria,2010,38289.4
BG,Bulgaria,2011,41479.2
BG,Bulgaria,2012,42254.6
BG,Bulgaria,2013,42055.5
BG,Bulgaria,2014,43024.0
BG,Bulgaria,2015,45797.1
BG,Bulgaria,2016,48751.4
BG,Bulgaria,2017,52501.0
BG,Bulgaria,2018,55999.7
BG,Bulgaria,2019,61194.4
BG,Bulgaria,2020,61855.6
BG,Bulgaria,2021,71343.9
BG,Bulgaria,2022,86078.2
BG,Bulgaria,2023,94525.1
BG,Bulgaria,2024,104767.2
BG,Bulgaria,2025,116018.3
CH,Switzerland,1995,273995.8
CH,Switzerland,1996,272263.4
CH,Switzerland,1997,263836.7
CH,Switzerland,1998,274324.8
CH,Switzerland,1999,283403.8
CH,Switzerland,2000,306049.4
CH,Switzerland,2001,324180.2
CH,Switzerland,2002,333532.9
CH,Switzerland,2003,324514.6
CH,Switzerland,2004,329451.7
CH,Switzerland,2005,341407.5
CH,Switzerland,2006,357403.3
CH,Switzerland,2007,364638.8
CH,Switzerland,2008,392126.6
CH,Switzerland,2009,406170.8
CH,Switzerland,2010,460894.0
CH,Switzerland,2011,523943.1
CH,Switzerland,2012,542930.1
CH,Switzerland,2013,541150.6
CH,Switzerland,2014,559049.9
CH,Switzerland,2015,636419.8
CH,Switzerland,2016,631447.6
CH,Switzerland,2017,625926.6
CH,Switzerland,2018,627171.6
CH,Switzerland,2019,657857.6
CH,Switzerland,2020,663105.6
CH,Switzerland,2021,710646.0
CH,Switzerland,2022,815869.1
CH,Switzerland,2023,858396.6
CH,Switzerland,2024,896448.7
CH,Switzerland,2025,925874.8
CY,Cyprus,1995,7596.0
CY,Cyprus,1996,7890.1
CY,Cyprus,1997,8414.3
CY,Cyprus,1998,9152.6
CY,Cyprus,1999,9839.7
CY,Cyprus,2000,10804.6
CY,Cyprus,2001,11602.9
CY,Cyprus,2002,12083.0
CY,Cyprus,2003,12871.3
CY,Cyprus,2004,13938.0
CY,Cyprus,2005,15039.3
CY,Cyprus,2006,16263.8
CY,Cyprus,2007,17591.0
CY,Cyprus,2008,19009.5
CY,Cyprus,2009,18675.5
CY,Cyprus,2010,19461.1
CY,Cyprus,2011,19858.1
CY,Cyprus,2012,19495.4
CY,Cyprus,2013,18040.3
CY,Cyprus,2014,17482.8
CY,Cyprus,2015,17944.2
CY,Cyprus,2016,19013.8
CY,Cyprus,2017,20312.4
CY,Cyprus,2018,21807.8
CY,Cyprus,2019,23400.9
CY,Cyprus,2020,22373.6
CY,Cyprus,2021,25679.9
CY,Cyprus,2022,29645.4
CY,Cyprus,2023,32439.2
CY,Cyprus,2024,34770.2
CY,Cyprus,2025,36483.5
CZ,Czechia,1995,46333.6
CZ,Czechia,1996,53416.0
CZ,Czechia,1997,55174.6
CZ,Czechia,1998,60164.9
CZ,Czechia,1999,61470.4
CZ,Czechia,2000,67409.2
CZ,Czechia,2001,76070.6
CZ,Czechia,2002,87795.9
CZ,Czechia,2003,88965.6
CZ,Czechia,2004,96822.8
CZ,Czechia,2005,110418.8
CZ,Czechia,2006,124559.0
CZ,Czechia,2007,138897.5
CZ,Czechia,2008,161852.2
CZ,Czechia,2009,149253.1
CZ,Czechia,2010,159506.1
CZ,Czechia,2011,166545.5
CZ,Czechia,2012,163759.4
CZ,Czechia,2013,160470.0
CZ,Czechia,2014,158991.5
CZ,Czechia,2015,170527.3
CZ,Czechia,2016,179145.9
CZ,Czechia,2017,196738.7
CZ,Czechia,2018,213505.4
CZ,Czechia,2019,229406.7
CZ,Czechia,2020,220310.6
CZ,Czechia,2021,246012.3
CZ,Czechia,2022,286976.8
CZ,Czechia,2023,319099.1
CZ,Czechia,2024,320786.5
CZ,Czechia,2025,346583.4
DE,Germany,1991,1517932.9
DE,Germany,1992,1655317.2
DE,Germany,1993,1774986.2
DE,Germany,1994,1867918.1
DE,Germany,1995,1983157.1
DE,Germany,1996,1975310.3
DE,Germany,1997,1958621.6
DE,Germany,1998,2008652.6
DE,Germany,1999,2077240.0
DE,Germany,2000,2129660.0
DE,Germany,2001,2195530.0
DE,Germany,2002,2223360.0
DE,Germany,2003,2240810.0
DE,Germany,2004,2293040.0
DE,Germany,2005,2325710.0
DE,Germany,2006,2426180.0
DE,Germany,2007,2542220.0
DE,Germany,2008,2589280.0
DE,Germany,2009,2493970.0
DE,Germany,2010,2615260.0
DE,Germany,2011,2746910.0
DE,Germany,2012,2799280.0
DE,Germany,2013,2866480.0
DE,Germany,2014,2984470.0
DE,Germany,2015,3087030.0
DE,Germany,2016,3195210.0
DE,Germany,2017,3333110.0
DE,Germany,2018,3434030.0
DE,Germany,2019,3537280.0
DE,Germany,2020,3450720.0
DE,Germany,2021,3682340.0
DE,Germany,2022,3989390.0
DE,Germany,2023,4219310.0
DE,Germany,2024,4328970.0
DE,Germany,2025,4469810.0
DK,Denmark,1995,141320.3
DK,Denmark,1996,147724.2
DK,Denmark,1997,152890.7
DK,Denmark,1998,158043.8
DK,Denmark,1999,166899.4
DK,Denmark,2000,177893.5
DK,Denmark,2001,184146.3
DK,Denmark,2002,189957.5
DK,Denmark,2003,193641.7
DK,Denmark,2004,202915.9
DK,Denmark,2005,213381.8
DK,Denmark,2006,225930.8
DK,Denmark,2007,233960.3
DK,Denmark,2008,242720.1
DK,Denmark,2009,232270.0
DK,Denmark,2010,243429.9
DK,Denmark,2011,248105.0
DK,Denmark,2012,254300.7
DK,Denmark,2013,259530.9
DK,Denmark,2014,265635.7
DK,Denmark,2015,272193.0
DK,Denmark,2016,282265.1
DK,Denmark,2017,294355.0
DK,Denmark,2018,301017.3
DK,Denmark,2019,308546.2
DK,Denmark,2020,312118.3
DK,Denmark,2021,343318.6
DK,Denmark,2022,380567.4
DK,Denmark,2023,374173.6
DK,Denmark,2024,392400.7
DK,Denmark,2025,410372.0
EA,EA,1995,5586348.3
EA,EA,1996,5815135.3
EA,EA,1997,5941628.7
EA,EA,1998,6182179.2
EA,EA,1999,6470524.8
EA,EA,2000,6812746.5
EA,EA,2001,7275627.0
EA,EA,2002,7519107.0
EA,EA,2003,7735516.9
EA,EA,2004,8059841.3
EA,EA,2005,8349047.2
EA,EA,2006,8788081.8
EA,EA,2007,9289427.3
EA,EA,2008,9532690.6
EA,EA,2009,9275982.1
EA,EA,2010,9539096.0
EA,EA,2011,9824965.4
EA,EA,2012,9851872.2
EA,EA,2013,9955426.2
EA,EA,2014,10217641.9
EA,EA,2015,10616222.3
EA,EA,2016,10904868.5
EA,EA,2017,11318040.7
EA,EA,2018,11694023.9
EA,EA,2019,12084516.3
EA,EA,2020,11565084.6
EA,EA,2021,12560299.7
EA,EA,2022,13690696.4
EA,EA,2023,14670744.7
EA,EA,2024,15248539.5
EA,EA,2025,15835920.4
EA12,EA12,1995,5689554.7
EA12,EA12,1996,5927397.6
EA12,EA12,1997,6064106.4
EA12,EA12,1998,6306933.6
EA12,EA12,1999,6605113.6
EA12,EA12,2000,6950574.1
EA12,EA12,2001,7275627.0
EA12,EA12,2002,7519107.0
EA12,EA12,2003,7735516.9
EA12,EA12,2004,8059841.3
EA12,EA12,2005,8349047.2
EA12,EA12,2006,8788081.8
EA12,EA12,2007,9254490.4
EA12,EA12,2008,9469702.5
EA12,EA12,2009,9151133.5
EA12,EA12,2010,9407995.4
EA12,EA12,2011,9672920.9
EA12,EA12,2012,9697149.6
EA12,EA12,2013,9799409.3
EA12,EA12,2014,10034221.3
EA12,EA12,2015,10386990.6
EA12,EA12,2016,10667847.7
EA12,EA12,2017,11064998.9
EA12,EA12,2018,11422259.9
EA12,EA12,2019,11796539.0
EA12,EA12,2020,11279941.0
EA12,EA12,2021,12243569.3
EA12,EA12,2022,13336753.5
EA12,EA12,2023,14198366.7
EA12,EA12,2024,14747600.0
EA12,EA12,2025,15305738.3
EA19,EA19,1995,5744018.5
EA19,EA19,1996,5987410.0
EA19,EA19,1997,6132692.5
EA19,EA19,1998,6381157.6
EA19,EA19,1999,6682072.0
EA19,EA19,2000,7036943.9
EA19,EA19,2001,7368518.4
EA19,EA19,2002,7619737.5
EA19,EA19,2003,7844564.2
EA19,EA19,2004,8180124.3
EA19,EA19,2005,8482932.6
EA19,EA19,2006,8940638.5
EA19,EA19,2007,9436179.9
EA19,EA19,2008,9671413.4
EA19,EA19,2009,9335494.8
EA19,EA19,2010,9599073.5
EA19,EA19,2011,9875054.5
EA19,EA19,2012,9906383.5
EA19,EA19,2013,10012297.2
EA19,EA19,2014,10254052.0
EA19,EA19,2015,10616222.3
EA19,EA19,2016,10904868.5
EA19,EA19,2017,11318040.7
EA19,EA19,2018,11694023.9
EA19,EA19,2019,12084516.3
EA19,EA19,2020,11565084.6
EA19,EA19,2021,12560299.7
EA19,EA19,2022,13690696.4
EA19,EA19,2023,14591558.4
EA19,EA19,2024,15162634.3
EA19,EA19,2025,15742945.3
EA20,Eurozone,1995,5761538.6
EA20,Eurozone,1996,6006586.8
EA20,Eurozone,1997,6153972.8
EA20,Eurozone,1998,6404093.7
EA20,Eurozone,1999,6704260.9
EA20,Eurozone,2000,7060575.2
EA20,Eurozone,2001,7394454.9
EA20,Eurozone,2002,7648498.4
EA20,Eurozone,2003,7875580.5
EA20,Eurozone,2004,8213927.1
EA20,Eurozone,2005,8519767.5
EA20,Eurozone,2006,8981259.5
EA20,Eurozone,2007,9480602.8
EA20,Eurozone,2008,9719969.9
EA20,Eurozone,2009,9381356.0
EA20,Eurozone,2010,9645057.2
EA20,Eurozone,2011,9920813.4
EA20,Eurozone,2012,9951251.2
EA20,Eurozone,2013,10057096.5
EA20,Eurozone,2014,10298332.7
EA20,Eurozone,2015,10661709.8
EA20,Eurozone,2016,10952442.0
EA20,Eurozone,2017,11368245.0
EA20,Eurozone,2018,11747059.3
EA20,Eurozone,2019,12140284.1
EA20,Eurozone,2020,11615802.3
EA20,Eurozone,2021,12618690.1
EA20,Eurozone,2022,13758305.8
EA20,Eurozone,2023,14670744.7
EA20,Eurozone,2024,15248539.5
EA20,Eurozone,2025,15835920.4
EA21,EA21,1995,5776057.0
EA21,EA21,1996,6016414.7
EA21,EA21,1997,6164037.6
EA21,EA21,1998,6417531.2
EA21,EA21,1999,6717065.2
EA21,EA21,2000,7075015.3
EA21,EA21,2001,7410360.2
EA21,EA21,2002,7665976.7
EA21,EA21,2003,7894378.8
EA21,EA21,2004,8235020.2
EA21,EA21,2005,8543807.4
EA21,EA21,2006,9008669.0
EA21,EA21,2007,9513067.1
EA21,EA21,2008,9757216.1
EA21,EA21,2009,9418773.1
EA21,EA21,2010,9683346.6
EA21,EA21,2011,9962292.6
EA21,EA21,2012,9993505.8
EA21,EA21,2013,10099152.0
EA21,EA21,2014,10341356.8
EA21,EA21,2015,10707506.9
EA21,EA21,2016,11001193.3
EA21,EA21,2017,11420746.0
EA21,EA21,2018,11803059.0
EA21,EA21,2019,12201478.5
EA21,EA21,2020,11677657.9
EA21,EA21,2021,12690034.0
EA21,EA21,2022,13844384.0
EA21,EA21,2023,14765269.8
EA21,EA21,2024,15353306.8
EA21,EA21,2025,15951938.7
EE,Estonia,1995,2988.1
EE,Estonia,1996,3770.0
EE,Estonia,1997,4553.7
EE,Estonia,1998,5067.5
EE,Estonia,1999,5406.9
EE,Estonia,2000,6171.6
EE,Estonia,2001,6982.1
EE,Estonia,2002,7824.9
EE,Estonia,2003,8746.7
EE,Estonia,2004,9779.6
EE,Estonia,2005,11345.4
EE,Estonia,2006,13571.2
EE,Estonia,2007,16402.2
EE,Estonia,2008,16618.9
EE,Estonia,2009,14132.5
EE,Estonia,2010,14741.8
EE,Estonia,2011,16741.9
EE,Estonia,2012,18086.6
EE,Estonia,2013,19163.2
EE,Estonia,2014,20365.6
EE,Estonia,2015,21010.9
EE,Estonia,2016,22189.0
EE,Estonia,2017,24316.1
EE,Estonia,2018,26438.5
EE,Estonia,2019,28472.1
EE,Estonia,2020,27859.3
EE,Estonia,2021,31453.3
EE,Estonia,2022,36300.9
EE,Estonia,2023,38353.4
EE,Estonia,2024,39847.7
EE,Estonia,2025,41620.8
EL,EL,1995,103206.4
EL,EL,1996,112262.3
EL,EL,1997,122477.8
EL,EL,1998,124754.4
EL,EL,1999,134588.8
EL,EL,2000,137827.6
EL,EL,2001,147438.7
EL,EL,2002,158902.3
EL,EL,2003,174096.0
EL,EL,2004,188905.2
EL,EL,2005,194773.4
EL,EL,2006,214298.9
EL,EL,2007,229282.8
EL,EL,2008,238735.4
EL,EL,2009,234322.6
EL,EL,2010,223590.5
EL,EL,2011,203475.0
EL,EL,2012,185899.2
EL,EL,2013,178113.9
EL,EL,2014,176071.8
EL,EL,2015,175362.9
EL,EL,2016,174448.2
EL,EL,2017,177378.5
EL,EL,2018,180615.7
EL,EL,2019,185181.2
EL,EL,2020,167539.5
EL,EL,2021,184574.6
EL,EL,2022,207008.7
EL,EL,2023,224686.2
EL,EL,2024,236736.0
EL,EL,2025,248353.7
ES,Spain,1995,469819.9
ES,Spain,1996,506096.6
ES,Spain,1997,520533.1
ES,Spain,1998,552906.5
ES,Spain,1999,595242.0
ES,Spain,2000,647569.0
ES,Spain,2001,700958.0
ES,Spain,2002,749744.0
ES,Spain,2003,802683.0
ES,Spain,2004,860059.0
ES,Spain,2005,928122.0
ES,Spain,2006,1004976.0
ES,Spain,2007,1077541.0
ES,Spain,2008,1112432.0
ES,Spain,2009,1072990.0
ES,Spain,2010,1077145.0
ES,Spain,2011,1068690.0
ES,Spain,2012,1035964.0
ES,Spain,2013,1025652.0
ES,Spain,2014,1038949.0
ES,Spain,2015,1087112.0
ES,Spain,2016,1122967.0
ES,Spain,2017,1170024.0
ES,Spain,2018,1212276.0
ES,Spain,2019,1253710.0
ES,Spain,2020,1129214.0
ES,Spain,2021,1235474.0
ES,Spain,2022,1375863.0
ES,Spain,2023,1497761.0
ES,Spain,2024,1594330.0
ES,Spain,2025,1687152.0
EU27_2020,EU27,1995,6341270.6
EU27_2020,EU27,1996,6640109.1
EU27_2020,EU27,1997,6823243.4
EU27_2020,EU27,1998,7113359.7
EU27_2020,EU27,1999,7442817.7
EU27_2020,EU27,2000,7884970.7
EU27_2020,EU27,2001,8260284.9
EU27_2020,EU27,2002,8559614.0
EU27_2020,EU27,2003,8792709.3
EU27_2020,EU27,2004,9195744.5
EU27_2020,EU27,2005,9600083.5
EU27_2020,EU27,2006,10160793.1
EU27_2020,EU27,2007,10788346.2
EU27_2020,EU27,2008,11136839.3
EU27_2020,EU27,2009,10650843.1
EU27_2020,EU27,2010,11047423.0
EU27_2020,EU27,2011,11407286.7
EU27_2020,EU27,2012,11466415.0
EU27_2020,EU27,2013,11594282.1
EU27_2020,EU27,2014,11867202.4
EU27_2020,EU27,2015,12308193.2
EU27_2020,EU27,2016,12638272.4
EU27_2020,EU27,2017,13169370.9
EU27_2020,EU27,2018,13628646.5
EU27_2020,EU27,2019,14122772.4
EU27_2020,EU27,2020,13578815.3
EU27_2020,EU27,2021,14792278.2
EU27_2020,EU27,2022,16170154.5
EU27_2020,EU27,2023,17264212.6
EU27_2020,EU27,2024,18042085.3
EU27_2020,EU27,2025,18831892.5
FI,Finland,1980,38693.8
FI,Finland,1981,47215.0
FI,Finland,1982,54051.0
FI,Finland,1983,57359.4
FI,Finland,1984,67262.1
FI,Finland,1985,73748.1
FI,Finland,1986,74834.1
FI,Finland,1987,79462.3
FI,Finland,1988,92259.3
FI,Finland,1989,108108.0
FI,Finland,1990,111401.0
FI,Finland,1991,103308.7
FI,Finland,1992,86811.0
FI,Finland,1993,76014.5
FI,Finland,1994,87058.1
FI,Finland,1995,102544.7
FI,Finland,1996,104034.1
FI,Finland,1997,111990.0
FI,Finland,1998,119690.6
FI,Finland,1999,126888.0
FI,Finland,2000,136386.0
FI,Finland,2001,144613.0
FI,Finland,2002,148440.0
FI,Finland,2003,151714.0
FI,Finland,2004,158741.0
FI,Finland,2005,164666.0
FI,Finland,2006,172861.0
FI,Finland,2007,187059.0
FI,Finland,2008,194253.0
FI,Finland,2009,181735.0
FI,Finland,2010,188147.0
FI,Finland,2011,197655.0
FI,Finland,2012,200378.0
FI,Finland,2013,203497.0
FI,Finland,2014,205855.0
FI,Finland,2015,210192.0
FI,Finland,2016,215717.0
FI,Finland,2017,224706.0
FI,Finland,2018,231905.0
FI,Finland,2019,238518.0
FI,Finland,2020,236387.0
FI,Finland,2021,248764.0
FI,Finland,2022,266135.0
FI,Finland,2023,273005.0
FI,Finland,2024,275993.0
FI,Finland,2025,280570.0
FR,France,1975,288049.5
FR,France,1976,331012.5
FR,France,1977,355596.4
FR,France,1978,394484.3
FR,France,1979,443872.1
FR,France,1980,500064.0
FR,France,1981,548132.2
FR,France,1982,590815.4
FR,France,1983,622888.3
FR,France,1984,667733.0
FR,France,1985,723609.3
FR,France,1986,779175.7
FR,France,1987,803521.4
FR,France,1988,855722.8
FR,France,1989,923514.9
FR,France,1990,990441.3
FR,France,1991,1018584.6
FR,France,1992,1074162.7
FR,France,1993,1122160.5
FR,France,1994,1168854.1
FR,France,1995,1220222.9
FR,France,1996,1259758.8
FR,France,1997,1279326.6
FR,France,1998,1337784.3
FR,France,1999,1395148.0
FR,France,2000,1473517.3
FR,France,2001,1530070.9
FR,France,2002,1578330.4
FR,France,2003,1622312.8
FR,France,2004,1696107.7
FR,France,2005,1762047.7
FR,France,2006,1846020.8
FR,France,2007,1937876.3
FR,France,2008,1989999.7
FR,France,2009,1935840.2
FR,France,2010,1996075.1
FR,France,2011,2062141.4
FR,France,2012,2088286.7
FR,France,2013,2120351.9
FR,France,2014,2153733.1
FR,France,2015,2201401.6
FR,France,2016,2231819.2
FR,France,2017,2291680.5
FR,France,2018,2355362.8
FR,France,2019,2432206.8
FR,France,2020,2318276.2
FR,France,2021,2508102.3
FR,France,2022,2653997.2
FR,France,2023,2833826.4
FR,France,2024,2935236.2
FR,France,2025,2991055.9
HR,Croatia,1995,17520.1
HR,Croatia,1996,19176.8
HR,Croatia,1997,21280.4
HR,Croatia,1998,22936.1
HR,Croatia,1999,22188.9
HR,Croatia,2000,23631.3
HR,Croatia,2001,25936.5
HR,Croatia,2002,28760.9
HR,Croatia,2003,31016.3
HR,Croatia,2004,33802.7
HR,Croatia,2005,36834.9
HR,Croatia,2006,40621.0
HR,Croatia,2007,44423.0
HR,Croatia,2008,48556.5
HR,Croatia,2009,45861.3
HR,Croatia,2010,45983.8
HR,Croatia,2011,45758.9
HR,Croatia,2012,44867.7
HR,Croatia,2013,44799.3
HR,Croatia,2014,44280.7
HR,Croatia,2015,45487.5
HR,Croatia,2016,47573.5
HR,Croatia,2017,50204.3
HR,Croatia,2018,53035.3
HR,Croatia,2019,55767.8
HR,Croatia,2020,50717.8
HR,Croatia,2021,58390.4
HR,Croatia,2022,67609.4
HR,Croatia,2023,79186.3
HR,Croatia,2024,85905.2
HR,Croatia,2025,92975.1
HU,Hungary,1995,35585.4
HU,Hungary,1996,36896.3
HU,Hungary,1997,41831.0
HU,Hungary,1998,43477.8
HU,Hungary,1999,46121.5
HU,Hungary,2000,51300.9
HU,Hungary,2001,60068.8
HU,Hungary,2002,71785.3
HU,Hungary,2003,75344.2
HU,Hungary,2004,83798.3
HU,Hungary,2005,90999.5
HU,Hungary,2006,92038.0
HU,Hungary,2007,102368.2
HU,Hungary,2008,108278.8
HU,Hungary,2009,94416.6
HU,Hungary,2010,99562.8
HU,Hungary,2011,101986.9
HU,Hungary,2012,99979.9
HU,Hungary,2013,102210.9
HU,Hungary,2014,106335.3
HU,Hungary,2015,112854.0
HU,Hungary,2016,116593.5
HU,Hungary,2017,127222.5
HU,Hungary,2018,136580.0
HU,Hungary,2019,147373.2
HU,Hungary,2020,138954.5
HU,Hungary,2021,154971.7
HU,Hungary,2022,168546.2
HU,Hungary,2023,196983.7
HU,Hungary,2024,206156.2
HU,Hungary,2025,218833.9
IE,Ireland,1995,52881.3
IE,Ireland,1996,59701.5
IE,Ireland,1997,73118.8
IE,Ireland,1998,80565.7
IE,Ireland,1999,92790.5
IE,Ireland,2000,108495.3
IE,Ireland,2001,122089.2
IE,Ireland,2002,135997.9
IE,Ireland,2003,145576.9
IE,Ireland,2004,156260.0
IE,Ireland,2005,170306.8
IE,Ireland,2006,184916.2
IE,Ireland,2007,197069.4
IE,Ireland,2008,187283.0
IE,Ireland,2009,169519.7
IE,Ireland,2010,167255.1
IE,Ireland,2011,173120.4
IE,Ireland,2012,176621.9
IE,Ireland,2013,182908.6
IE,Ireland,2014,200594.9
IE,Ireland,2015,272282.9
IE,Ireland,2016,275933.1
IE,Ireland,2017,308366.0
IE,Ireland,2018,335136.0
IE,Ireland,2019,363752.6
IE,Ireland,2020,381728.7
IE,Ireland,2021,448445.1
IE,Ireland,2022,520718.4
IE,Ireland,2023,524728.8
IE,Ireland,2024,562794.2
IE,Ireland,2025,638683.3
IS,IS,1995,5631.7
IS,IS,1996,6037.8
IS,IS,1997,6802.0
IS,IS,1998,7690.3
IS,IS,1999,8535.9
IS,IS,2000,9900.3
IS,IS,2001,9276.0
IS,IS,2002,10015.1
IS,IS,2003,10237.9
IS,IS,2004,11248.0
IS,IS,2005,13804.3
IS,IS,2006,14131.7
IS,IS,2007,16052.2
IS,IS,2008,11158.1
IS,IS,2009,9460.7
IS,IS,2010,10512.9
IS,IS,2011,11058.1
IS,IS,2012,11629.5
IS,IS,2013,12222.7
IS,IS,2014,13611.7
IS,IS,2015,15960.5
IS,IS,2016,19067.0
IS,IS,2017,22211.8
IS,IS,2018,22591.2
IS,IS,2019,22315.1
IS,IS,2020,19302.5
IS,IS,2021,22188.1
IS,IS,2022,27748.6
IS,IS,2023,29323.9
IS,IS,2024,30663.5
IS,IS,2025,34256.9
IT,Italy,1995,900369.7
IT,Italy,1996,1035610.7
IT,Italy,1997,1099046.2
IT,Italy,1998,1136926.5
IT,Italy,1999,1177549.7
IT,Italy,2000,1244744.2
IT,Italy,2001,1308623.1
IT,Italy,2002,1355522.3
IT,Italy,2003,1399386.0
IT,Italy,2004,1457356.2
IT,Italy,2005,1499073.1
IT,Italy,2006,1559864.2
IT,Italy,2007,1621714.5
IT,Italy,2008,1643718.8
IT,Italy,2009,1584106.8
IT,Italy,2010,1617944.7
IT,Italy,2011,1657362.2
IT,Italy,2012,1632898.5
IT,Italy,2013,1621260.7
IT,Italy,2014,1635870.7
IT,Italy,2015,1663277.7
IT,Italy,2016,1704856.7
IT,Italy,2017,1744493.0
IT,Italy,2018,1777744.4
IT,Italy,2019,1804066.8
IT,Italy,2020,1670011.9
IT,Italy,2021,1842507.4
IT,Italy,2022,1998072.6
IT,Italy,2023,2142744.4
IT,Italy,2024,2202031.2
IT,Italy,2025,2258048.7
LI,LI,2013,4812.4
LI,LI,2014,5021.7
LI,LI,2015,5649.1
LI,LI,2016,5637.7
LI,LI,2017,5734.6
LI,LI,2018,5666.3
LI,LI,2019,5750.1
LI,LI,2020,5618.0
LI,LI,2021,6688.5
LI,LI,2022,7058.2
LI,LI,2023,7617.8
LI,LI,2024,8231.2
LT,Lithuania,1995,5156.9
LT,Lithuania,1996,6639.4
LT,Lithuania,1997,8966.6
LT,Lithuania,1998,10070.0
LT,Lithuania,1999,10339.7
LT,Lithuania,2000,12503.7
LT,Lithuania,2001,13690.7
LT,Lithuania,2002,15177.2
LT,Lithuania,2003,16674.6
LT,Lithuania,2004,18312.5
LT,Lithuania,2005,20986.0
LT,Lithuania,2006,23999.6
LT,Lithuania,2007,29034.1
LT,Lithuania,2008,32683.1
LT,Lithuania,2009,26973.5
LT,Lithuania,2010,27663.4
LT,Lithuania,2011,31066.4
LT,Lithuania,2012,33240.4
LT,Lithuania,2013,34874.0
LT,Lithuania,2014,36410.1
LT,Lithuania,2015,37440.7
LT,Lithuania,2016,38820.7
LT,Lithuania,2017,42274.6
LT,Lithuania,2018,45947.4
LT,Lithuania,2019,49239.2
LT,Lithuania,2020,50264.6
LT,Lithuania,2021,56709.1
LT,Lithuania,2022,67081.1
LT,Lithuania,2023,74317.0
LT,Lithuania,2024,78996.2
LT,Lithuania,2025,84258.0
LU,Luxembourg,1995,15946.2
LU,Luxembourg,1996,16462.1
LU,Luxembourg,1997,17266.5
LU,Luxembourg,1998,18005.7
LU,Luxembourg,1999,20547.8
LU,Luxembourg,2000,22986.0
LU,Luxembourg,2001,23879.9
LU,Luxembourg,2002,25011.1
LU,Luxembourg,2003,26227.3
LU,Luxembourg,2004,28189.4
LU,Luxembourg,2005,30281.0
LU,Luxembourg,2006,34175.1
LU,Luxembourg,2007,37641.9
LU,Luxembourg,2008,40009.6
LU,Luxembourg,2009,39050.7
LU,Luxembourg,2010,42402.7
LU,Luxembourg,2011,44323.5
LU,Luxembourg,2012,46526.2
LU,Luxembourg,2013,49094.5
LU,Luxembourg,2014,51791.3
LU,Luxembourg,2015,54142.3
LU,Luxembourg,2016,56208.1
LU,Luxembourg,2017,58168.8
LU,Luxembourg,2018,60193.4
LU,Luxembourg,2019,62415.0
LU,Luxembourg,2020,64499.2
LU,Luxembourg,2021,73039.5
LU,Luxembourg,2022,76731.2
LU,Luxembourg,2023,82115.5
LU,Luxembourg,2024,86180.3
LU,Luxembourg,2025,89521.5
LV,Latvia,1995,4008.1
LV,Latvia,1996,4565.2
LV,Latvia,1997,5593.9
LV,Latvia,1998,6230.7
LV,Latvia,1999,6850.7
LV,Latvia,2000,8418.0
LV,Latvia,2001,9182.2
LV,Latvia,2002,9841.0
LV,Latvia,2003,10029.0
LV,Latvia,2004,11229.7
LV,Latvia,2005,13226.9
LV,Latvia,2006,16449.4
LV,Latvia,2007,21592.4
LV,Latvia,2008,23355.3
LV,Latvia,2009,18406.6
LV,Latvia,2010,17572.2
LV,Latvia,2011,19022.6
LV,Latvia,2012,21270.9
LV,Latvia,2013,21997.0
LV,Latvia,2014,22790.5
LV,Latvia,2015,23744.3
LV,Latvia,2016,24498.2
LV,Latvia,2017,26017.1
LV,Latvia,2018,28153.4
LV,Latvia,2019,29567.0
LV,Latvia,2020,29224.3
LV,Latvia,2021,32283.8
LV,Latvia,2022,36088.7
LV,Latvia,2023,39564.2
LV,Latvia,2024,40652.3
LV,Latvia,2025,43026.2
MD,MD,2014,7082.6
MD,MD,2015,7025.0
MD,MD,2016,7210.8
MD,MD,2017,8450.3
MD,MD,2018,9526.5
MD,MD,2019,10484.4
MD,MD,2020,10112.5
MD,MD,2021,11570.8
MD,MD,2022,13793.6
MD,MD,2023,15453.5
MD,MD,2024,16824.8
MD,MD,2025,18045.0
ME,ME,2006,2166.3
ME,ME,2007,2687.1
ME,ME,2008,3100.0
ME,ME,2009,2981.9
ME,ME,2010,3120.5
ME,ME,2011,3238.0
ME,ME,2012,3169.3
ME,ME,2013,3329.6
ME,ME,2014,3447.2
ME,ME,2015,3615.0
ME,ME,2016,3936.6
ME,ME,2017,4252.5
ME,ME,2018,4600.9
ME,ME,2019,4898.4
ME,ME,2020,4144.8
ME,ME,2021,4923.2
ME,ME,2022,5944.4
ME,ME,2023,7068.8
ME,ME,2024,7644.5
ME,ME,2025,8170.7
MK,MK,2000,4094.6
MK,MK,2001,4143.5
MK,MK,2002,4240.5
MK,MK,2003,4385.9
MK,MK,2004,4577.7
MK,MK,2005,5032.0
MK,MK,2006,5472.2
MK,MK,2007,6094.5
MK,MK,2008,6772.1
MK,MK,2009,6766.5
MK,MK,2010,7108.3
MK,MK,2011,7544.2
MK,MK,2012,7584.8
MK,MK,2013,8149.6
MK,MK,2014,8562.0
MK,MK,2015,9072.3
MK,MK,2016,9656.5
MK,MK,2017,10038.3
MK,MK,2018,10744.0
MK,MK,2019,11262.0
MK,MK,2020,10851.7
MK,MK,2021,11834.7
MK,MK,2022,13243.2
MK,MK,2023,14667.4
MK,MK,2024,15672.0
MK,MK,2025,16949.1
MT,Malta,1995,2838.2
MT,Malta,1996,3010.5
MT,Malta,1997,3341.0
MT,Malta,1998,3581.2
MT,Malta,1999,3852.1
MT,Malta,2000,4377.0
MT,Malta,2001,4546.1
MT,Malta,2002,4724.5
MT,Malta,2003,4796.9
MT,Malta,2004,4915.6
MT,Malta,2005,5133.8
MT,Malta,2006,5380.6
MT,Malta,2007,5778.2
MT,Malta,2008,6236.5
MT,Malta,2009,6287.6
MT,Malta,2010,6862.0
MT,Malta,2011,7032.8
MT,Malta,2012,7479.5
MT,Malta,2013,8129.4
MT,Malta,2014,8948.5
MT,Malta,2015,10221.4
MT,Malta,2016,10864.3
MT,Malta,2017,12535.7
MT,Malta,2018,13678.6
MT,Malta,2019,14594.2
MT,Malta,2020,14362.4
MT,Malta,2021,16680.3
MT,Malta,2022,17985.3
MT,Malta,2023,20929.2
MT,Malta,2024,23142.3
MT,Malta,2025,24577.9
NL,Netherlands,1995,346510.0
NL,Netherlands,1996,355624.3
NL,Netherlands,1997,368473.6
NL,Netherlands,1998,392001.0
NL,Netherlands,1999,420143.0
NL,Netherlands,2000,452191.0
NL,Netherlands,2001,482941.0
NL,Netherlands,2002,502901.0
NL,Netherlands,2003,514901.0
NL,Netherlands,2004,531573.0
NL,Netherlands,2005,553122.0
NL,Netherlands,2006,587444.0
NL,Netherlands,2007,622775.0
NL,Netherlands,2008,651299.0
NL,Netherlands,2009,630173.0
NL,Netherlands,2010,643022.0
NL,Netherlands,2011,656013.0
NL,Netherlands,2012,658232.0
NL,Netherlands,2013,665567.0
NL,Netherlands,2014,678627.0
NL,Netherlands,2015,699175.0
NL,Netherlands,2016,720175.0
NL,Netherlands,2017,750861.0
NL,Netherlands,2018,787273.0
NL,Netherlands,2019,829767.0
NL,Netherlands,2020,816463.0
NL,Netherlands,2021,891550.0
NL,Netherlands,2022,993820.0
NL,Netherlands,2023,1050133.0
NL,Netherlands,2024,1121543.0
NL,Netherlands,2025,1179458.0
NO,Norway,1975,26443.9
NO,Norway,1976,32048.2
NO,Norway,1977,36241.7
NO,Norway,1978,36424.8
NO,Norway,1979,38643.8
NO,Norway,1980,46170.3
NO,Norway,1981,56966.2
NO,Norway,1982,63849.3
NO,Norway,1983,69037.3
NO,Norway,1984,78684.7
NO,Norway,1985,86106.0
NO,Norway,1986,79701.4
NO,Norway,1987,81486.3
NO,Norway,1988,85898.3
NO,Norway,1989,92825.3
NO,Norway,1990,93987.5
NO,Norway,1991,97966.7
NO,Norway,1992,100459.8
NO,Norway,1993,102312.9
NO,Norway,1994,106463.5
NO,Norway,1995,115517.7
NO,Norway,1996,127812.1
NO,Norway,1997,141151.8
NO,Norway,1998,136319.6
NO,Norway,1999,151382.2
NO,Norway,2000,185108.4
NO,Norway,2001,193936.4
NO,Norway,2002,207723.8
NO,Norway,2003,202757.6
NO,Norway,2004,213960.0
NO,Norway,2005,250500.2
NO,Norway,2006,278755.5
NO,Norway,2007,298195.2
NO,Norway,2008,323749.7
NO,Norway,2009,285072.6
NO,Norway,2010,332350.4
NO,Norway,2011,368828.4
NO,Norway,2012,408646.0
NO,Norway,2013,406481.2
NO,Norway,2014,389086.7
NO,Norway,2015,361028.8
NO,Norway,2016,346542.3
NO,Norway,2017,368640.5
NO,Norway,2018,385198.6
NO,Norway,2019,378978.5
NO,Norway,2020,335661.0
NO,Norway,2021,440848.6
NO,Norway,2022,587476.0
NO,Norway,2023,464330.3
NO,Norway,2024,462846.4
NO,Norway,2025,470358.7
PL,Poland,1995,109251.2
PL,Poland,1996,126689.1
PL,Poland,1997,141122.1
PL,Poland,1998,155540.9
PL,Poland,1999,160193.7
PL,Poland,2000,187532.8
PL,Poland,2001,213857.2
PL,Poland,2002,211220.0
PL,Poland,2003,193199.6
PL,Poland,2004,207064.4
PL,Poland,2005,246903.6
PL,Poland,2006,275514.0
PL,Poland,2007,314356.3
PL,Poland,2008,367420.9
PL,Poland,2009,317876.9
PL,Poland,2010,360890.7
PL,Poland,2011,379540.6
PL,Poland,2012,387660.3
PL,Poland,2013,390177.0
PL,Poland,2014,408714.7
PL,Poland,2015,432485.8
PL,Poland,2016,427658.6
PL,Poland,2017,469071.2
PL,Poland,2018,503951.0
PL,Poland,2019,538423.5
PL,Poland,2020,531827.4
PL,Poland,2021,583001.4
PL,Poland,2022,661712.3
PL,Poland,2023,751931.7
PL,Poland,2024,852229.8
PL,Poland,2025,922865.5
PT,Portugal,1995,91015.8
PT,Portugal,1996,96626.8
PT,Portugal,1997,103306.6
PT,Portugal,1998,110683.7
PT,Portugal,1999,119603.3
PT,Portugal,2000,128414.4
PT,Portugal,2001,135775.0
PT,Portugal,2002,142554.3
PT,Portugal,2003,146067.9
PT,Portugal,2004,152248.4
PT,Portugal,2005,158552.7
PT,Portugal,2006,166260.5
PT,Portugal,2007,175483.4
PT,Portugal,2008,179102.8
PT,Portugal,2009,175416.4
PT,Portugal,2010,179860.4
PT,Portugal,2011,176318.0
PT,Portugal,2012,168538.8
PT,Portugal,2013,170675.6
PT,Portugal,2014,173186.7
PT,Portugal,2015,179392.7
PT,Portugal,2016,186380.7
PT,Portugal,2017,195509.1
PT,Portugal,2018,204997.6
PT,Portugal,2019,214489.9
PT,Portugal,2020,201032.7
PT,Portugal,2021,216493.7
PT,Portugal,2022,243957.1
PT,Portugal,2023,270352.6
PT,Portugal,2024,289784.3
PT,Portugal,2025,306741.7
RO,Romania,1995,28589.8
RO,Romania,1996,29035.4
RO,Romania,1997,31450.5
RO,Romania,1998,37063.3
RO,Romania,1999,33726.8
RO,Romania,2000,40594.9
RO,Romania,2001,45143.6
RO,Romania,2002,48695.7
RO,Romania,2003,51108.5
RO,Romania,2004,60402.0
RO,Romania,2005,79223.9
RO,Romania,2006,97215.6
RO,Romania,2007,127632.0
RO,Romania,2008,146589.7
RO,Romania,2009,125219.8
RO,Romania,2010,128305.3
RO,Romania,2011,138528.2
RO,Romania,2012,139307.7
RO,Romania,2013,142936.0
RO,Romania,2014,150528.8
RO,Romania,2015,160289.0
RO,Romania,2016,167497.1
RO,Romania,2017,186399.2
RO,Romania,2018,204780.7
RO,Romania,2019,223341.4
RO,Romania,2020,219839.8
RO,Romania,2021,240986.6
RO,Romania,2022,280777.4
RO,Romania,2023,321577.9
RO,Romania,2024,353633.1
RO,Romania,2025,380058.1
RS,RS,1995,28209.6
RS,RS,1996,19835.3
RS,RS,1997,24765.0
RS,RS,1998,20091.1
RS,RS,1999,20747.9
RS,RS,2000,30369.9
RS,RS,2001,15303.4
RS,RS,2002,19024.9
RS,RS,2003,20864.2
RS,RS,2004,21560.1
RS,RS,2005,22777.2
RS,RS,2006,26582.1
RS,RS,2007,32813.0
RS,RS,2008,37099.0
RS,RS,2009,33776.0
RS,RS,2010,32841.2
RS,RS,2011,36865.2
RS,RS,2012,35074.4
RS,RS,2013,37978.2
RS,RS,2014,37014.0
RS,RS,2015,37219.6
RS,RS,2016,38164.7
RS,RS,2017,40828.4
RS,RS,2018,44710.6
RS,RS,2019,48104.5
RS,RS,2020,49024.2
RS,RS,2021,55931.3
RS,RS,2022,63512.8
RS,RS,2023,75205.2
RS,RS,2024,83257.9
RS,RS,2025,88672.8
SE,Sweden,1993,181450.2
SE,Sweden,1994,192581.3
SE,Sweden,1995,204133.2
SE,Sweden,1996,229933.4
SE,Sweden,1997,236737.0
SE,Sweden,1998,241537.8
SE,Sweden,1999,257340.7
SE,Sweden,2000,285224.2
SE,Sweden,2001,270638.2
SE,Sweden,2002,284182.8
SE,Sweden,2003,296070.9
SE,Sweden,2004,309720.9
SE,Sweden,2005,315348.4
SE,Sweden,2006,336866.7
SE,Sweden,2007,358064.8
SE,Sweden,2008,352761.6
SE,Sweden,2009,313033.6
SE,Sweden,2010,372381.5
SE,Sweden,2011,410287.8
SE,Sweden,2012,427901.2
SE,Sweden,2013,439805.4
SE,Sweden,2014,435639.5
SE,Sweden,2015,452337.2
SE,Sweden,2016,463918.8
SE,Sweden,2017,474838.2
SE,Sweden,2018,465753.3
SE,Sweden,2019,474202.9
SE,Sweden,2020,478106.9
SE,Sweden,2021,533953.6
SE,Sweden,2022,547190.4
SE,Sweden,2023,535176.8
SE,Sweden,2024,563572.2
SE,Sweden,2025,601240.9
SI,Slovenia,1995,16352.0
SI,Slovenia,1996,16917.3
SI,Slovenia,1997,18288.8
SI,Slovenia,1998,19706.3
SI,Slovenia,1999,21132.4
SI,Slovenia,2000,21726.2
SI,Slovenia,2001,23018.1
SI,Slovenia,2002,24679.7
SI,Slovenia,2003,26004.7
SI,Slovenia,2004,27484.3
SI,Slovenia,2005,28914.4
SI,Slovenia,2006,31300.2
SI,Slovenia,2007,34936.9
SI,Slovenia,2008,37742.1
SI,Slovenia,2009,35830.3
SI,Slovenia,2010,36050.8
SI,Slovenia,2011,36782.2
SI,Slovenia,2012,35933.6
SI,Slovenia,2013,36041.3
SI,Slovenia,2014,37270.9
SI,Slovenia,2015,38493.9
SI,Slovenia,2016,40013.2
SI,Slovenia,2017,42625.5
SI,Slovenia,2018,45462.4
SI,Slovenia,2019,48156.5
SI,Slovenia,2020,46738.7
SI,Slovenia,2021,52032.4
SI,Slovenia,2022,56881.6
SI,Slovenia,2023,64050.0
SI,Slovenia,2024,67418.1
SI,Slovenia,2025,70486.2
SK,Slovakia,1995,15524.4
SK,Slovakia,1996,17219.8
SK,Slovakia,1997,19427.8
SK,Slovakia,1998,20415.6
SK,Slovakia,1999,19537.0
SK,Slovakia,2000,22368.6
SK,Slovakia,2001,23869.3
SK,Slovakia,2002,26300.3
SK,Slovakia,2003,29924.1
SK,Slovakia,2004,34623.4
SK,Slovakia,2005,39239.7
SK,Slovakia,2006,45592.0
SK,Slovakia,2007,56354.7
SK,Slovakia,2008,66065.4
SK,Slovakia,2009,64055.1
SK,Slovakia,2010,68726.7
SK,Slovakia,2011,71629.5
SK,Slovakia,2012,73727.6
SK,Slovakia,2013,74642.7
SK,Slovakia,2014,76562.3
SK,Slovakia,2015,80376.3
SK,Slovakia,2016,81621.6
SK,Slovakia,2017,84960.4
SK,Slovakia,2018,90275.9
SK,Slovakia,2019,94547.5
SK,Slovakia,2020,94320.6
SK,Slovakia,2021,101891.6
SK,Slovakia,2022,109959.8
SK,Slovakia,2023,123538.7
SK,Slovakia,2024,130207.5
SK,Slovakia,2025,136754.3
TR,TR,1995,179629.4
TR,TR,1996,197491.5
TR,TR,1997,233205.2
TR,TR,1998,245042.7
TR,TR,1999,240363.8
TR,TR,2000,298848.2
TR,TR,2001,224789.4
TR,TR,2002,252071.2
TR,TR,2003,279289.9
TR,TR,2004,329015.6
TR,TR,2005,407228.2
TR,TR,2006,441934.6
TR,TR,2007,499751.2
TR,TR,2008,529385.7
TR,TR,2009,468545.3
TR,TR,2010,589054.8
TR,TR,2011,604835.5
TR,TR,2012,687291.7
TR,TR,2013,723009.3
TR,TR,2014,709567.6
TR,TR,2015,778072.8
TR,TR,2016,786644.3
TR,TR,2017,764822.9
TR,TR,2018,666902.5
TR,TR,2019,692385.8
TR,TR,2020,638349.1
TR,TR,2021,707145.8
TR,TR,2022,880351.2
TR,TR,2023,1051699.7
TR,TR,2024,1253386.7
TR,TR,2025,1406211.3
UA,UA,2000,35062.3
UA,UA,2001,43915.2
UA,UA,2002,46469.2
UA,UA,2003,45961.9
UA,UA,2004,54027.9
UA,UA,2005,71835.2
UA,UA,2006,89091.3
UA,UA,2007,108496.5
UA,UA,2008,128508.2
UA,UA,2009,86946.6
UA,UA,2010,102270.9
UA,UA,2011,117384.2
UA,UA,2012,136750.4
UA,UA,2013,138021.4
UA,UA,2014,101185.1
UA,UA,2015,82203.6
UA,UA,2016,84254.1
UA,UA,2017,99198.6
UA,UA,2018,110834.0
UA,UA,2019,137528.0
UA,UA,2020,136595.3
UA,UA,2021,168960.3
UA,UA,2022,154006.3
UA,UA,2023,167632.0
UA,UA,2024,176270.4
UK,United Kingdom,1975,195121.7
UK,United Kingdom,1976,208259.6
UK,United Kingdom,1977,230711.3
UK,United Kingdom,1978,263835.5
UK,United Kingdom,1979,320738.0
UK,United Kingdom,1980,406183.9
UK,United Kingdom,1981,486494.5
UK,United Kingdom,1982,526030.9
UK,United Kingdom,1983,550247.9
UK,United Kingdom,1984,587416.8
UK,United Kingdom,1985,647307.2
UK,United Kingdom,1986,611000.1
UK,United Kingdom,1987,647153.6
UK,United Kingdom,1988,770090.2
UK,United Kingdom,1989,841396.1
UK,United Kingdom,1990,862468.3
UK,United Kingdom,1991,924332.0
UK,United Kingdom,1992,911231.6
UK,United Kingdom,1993,907362.9
UK,United Kingdom,1994,960427.9
UK,United Kingdom,1995,1025809.9
UK,United Kingdom,1996,1114850.1
UK,United Kingdom,1997,1374765.3
UK,United Kingdom,1998,1474279.7
UK,United Kingdom,1999,1578395.1
UK,United Kingdom,2000,1798090.2
UK,United Kingdom,2001,1830567.5
UK,United Kingdom,2002,1888699.6
UK,United Kingdom,2003,1815326.8
UK,United Kingdom,2004,1941265.1
UK,United Kingdom,2005,2037200.9
UK,United Kingdom,2006,2157333.5
UK,United Kingdom,2007,2259235.2
UK,United Kingdom,2008,1995854.5
UK,United Kingdom,2009,1738066.5
UK,United Kingdom,2010,1872175.5
UK,United Kingdom,2011,1912869.3
UK,United Kingdom,2012,2111028.9
UK,United Kingdom,2013,2096338.0
UK,United Kingdom,2014,2311080.2
UK,United Kingdom,2015,2644716.5
UK,United Kingdom,2016,2434119.2
UK,United Kingdom,2017,2359789.9
UK,United Kingdom,2018,2420897.2
UK,United Kingdom,2019,2526615.2
XK,XK,2008,3537.6
XK,XK,2009,3610.4
XK,XK,2010,4031.0
XK,XK,2011,4555.9
XK,XK,2012,4797.3
XK,XK,2013,5071.3
XK,XK,2014,5325.1
XK,XK,2015,5674.4
XK,XK,2016,6037.3
XK,XK,2017,6356.5
XK,XK,2018,6671.5
XK,XK,2019,7056.2
XK,XK,2020,6771.6
XK,XK,2021,7957.9
XK,XK,2022,8895.7
XK,XK,2023,9680.1
XK,XK,2024,10350.4
XK,XK,2025,11026.3
