country_code,country_name,year,population
AD,AD,1986,44593.0
AD,AD,1987,46976.0
AD,AD,1988,48451.0
AD,AD,1989,50528.0
AD,AD,1990,50887.0
AD,AD,1991,54507.0
AD,AD,1992,59048.0
AD,AD,1993,61599.0
AD,AD,1994,65226.0
AD,AD,1995,64311.0
AD,AD,1996,63859.0
AD,AD,1997,64479.0
AD,AD,1998,65306.0
AD,AD,1999,65877.0
AD,AD,2000,65971.0
AD,AD,2001,65844.0
AD,AD,2002,66334.0
AD,AD,2003,67159.0
AD,AD,2004,72320.0
AD,AD,2005,76875.0
AD,AD,2006,78549.0
AD,AD,2007,81222.0
AD,AD,2008,83137.0
AD,AD,2009,84484.0
AD,AD,2010,84082.0
AD,AD,2011,78115.0
AD,AD,2012,78115.0
AD,AD,2013,76246.0
AD,AD,2019,76177.0
AL,AL,1960,1583800.0
AL,AL,1961,1633800.0
AL,AL,1962,1685800.0
AL,AL,1963,1736838.0
AL,AL,1964,1788404.0
AL,AL,1965,1839866.0
AL,AL,1966,1889715.0
AL,AL,1967,1939430.0
AL,AL,1968,1991765.0
AL,AL,1969,2052778.0
AL,AL,1970,2110612.0
AL,AL,1971,2160345.0
AL,AL,1972,2215361.0
AL,AL,1973,2270891.0
AL,AL,1974,2322613.0
AL,AL,1975,2377635.0
AL,AL,1976,2432027.0
AL,AL,1977,2485025.0
AL,AL,1978,2542066.0
AL,AL,1979,2590466.0
AL,AL,1980,2645198.0
AL,AL,1981,2698795.0
AL,AL,1982,2753316.0
AL,AL,1983,2815239.0
AL,AL,1984,2872681.0
AL,AL,1985,2936177.0
AL,AL,1986,2993347.0
AL,AL,1987,3051923.0
AL,AL,1988,3115286.0
AL,AL,1989,3169386.0
AL,AL,1990,3286500.0
AL,AL,1991,3259814.0
AL,AL,1992,3190103.0
AL,AL,1993,3167478.0
AL,AL,1994,3220310.0
AL,AL,1995,3248836.0
AL,AL,1996,3283000.0
AL,AL,1997,3324317.0
AL,AL,1998,3354341.0
AL,AL,1999,3373445.0
AL,AL,2000,3058497.0
AL,AL,2001,3063318.0
AL,AL,2002,3057018.0
AL,AL,2003,3044993.0
AL,AL,2004,3034231.0
AL,AL,2005,3019634.0
AL,AL,2006,3003329.0
AL,AL,2007,2981755.0
AL,AL,2008,2958266.0
AL,AL,2009,2936355.0
AL,AL,2010,2918674.0
AL,AL,2011,2907361.0
AL,AL,2012,2903008.0
AL,AL,2013,2897770.0
AL,AL,2014,2892394.0
AL,AL,2015,2885796.0
AL,AL,2016,2875592.0
AL,AL,2017,2876591.0
AL,AL,2018,2870324.0
AL,AL,2019,2862427.0
AL,AL,2020,2845955.0
AL,AL,2021,2829741.0
AL,AL,2022,2793592.0
AL,AL,2023,2761785.0
AL,AL,2025,2363314.0
AM,AM,2000,3226900.0
AM,AM,2001,3215300.0
AM,AM,2002,3212900.0
AM,AM,2003,3210300.0
AM,AM,2004,3212200.0
AM,AM,2005,3215800.0
AM,AM,2006,3219234.0
AM,AM,2007,3222953.0
AM,AM,2008,3230086.0
AM,AM,2009,3237976.0
AM,AM,2010,3249482.0
AM,AM,2011,3262650.0
AM,AM,2012,3274285.0
AM,AM,2015,3010598.0
AM,AM,2016,2998577.0
AM,AM,2017,2986151.0
AM,AM,2018,2972732.0
AM,AM,2019,2965269.0
AM,AM,2020,2959694.0
AM,AM,2021,2963251.0
AM,AM,2023,2977130.0
AM,AM,2024,2991201.0
AT,Austria,1960,7030385.0
AT,Austria,1961,7064693.0
AT,Austria,1962,7107904.0
AT,Austria,1963,7151824.0
AT,Austria,1964,7199798.0
AT,Austria,1965,7247804.0
AT,Austria,1966,7293973.0
AT,Austria,1967,7350159.0
AT,Austria,1968,7403837.0
AT,Austria,1969,7426968.0
AT,Austria,1970,7455142.0
AT,Austria,1971,7479030.0
AT,Austria,1972,7521933.0
AT,Austria,1973,7566469.0
AT,Austria,1974,7605760.0
AT,Austria,1975,7592316.0
AT,Austria,1976,7565489.0
AT,Austria,1977,7565561.0
AT,Austria,1978,7571299.0
AT,Austria,1979,7553310.0
AT,Austria,1980,7545539.0
AT,Austria,1981,7553326.0
AT,Austria,1982,7584094.0
AT,Austria,1983,7564185.0
AT,Austria,1984,7559635.0
AT,Austria,1985,7563233.0
AT,Austria,1986,7566736.0
AT,Austria,1987,7572852.0
AT,Austria,1988,7576319.0
AT,Austria,1989,7594315.0
AT,Austria,1990,7644818.0
AT,Austria,1991,7710882.0
AT,Austria,1992,7798899.0
AT,Austria,1993,7882519.0
AT,Austria,1994,7928746.0
AT,Austria,1995,7943489.0
AT,Austria,1996,7953067.0
AT,Austria,1997,7964966.0
AT,Austria,1998,7971116.0
AT,Austria,1999,7982461.0
AT,Austria,2000,8002186.0
AT,Austria,2001,8020946.0
AT,Austria,2002,8063640.0
AT,Austria,2003,8100273.0
AT,Austria,2004,8142573.0
AT,Austria,2005,8201359.0
AT,Austria,2006,8254298.0
AT,Austria,2007,8282984.0
AT,Austria,2008,8307989.0
AT,Austria,2009,8335003.0
AT,Austria,2010,8351643.0
AT,Austria,2011,8375164.0
AT,Austria,2012,8408121.0
AT,Austria,2013,8451860.0
AT,Austria,2014,8507786.0
AT,Austria,2015,8584926.0
AT,Austria,2016,8700471.0
AT,Austria,2017,8772865.0
AT,Austria,2018,8822267.0
AT,Austria,2019,8858775.0
AT,Austria,2020,8901064.0
AT,Austria,2021,8932664.0
AT,Austria,2022,8978929.0
AT,Austria,2023,9104772.0
AT,Austria,2024,9158750.0
AT,Austria,2025,9197213.0
AZ,AZ,2000,8016200.0
AZ,AZ,2001,8081000.0
AZ,AZ,2002,8141400.0
AZ,AZ,2003,8202500.0
AZ,AZ,2004,8265700.0
AZ,AZ,2005,8347300.0
AZ,AZ,2006,8436400.0
AZ,AZ,2007,8532700.0
AZ,AZ,2008,8629900.0
AZ,AZ,2009,8896900.0
AZ,AZ,2010,8997586.0
AZ,AZ,2011,9111078.0
AZ,AZ,2012,9235085.0
AZ,AZ,2013,9356483.0
AZ,AZ,2014,9477119.0
AZ,AZ,2015,9593038.0
AZ,AZ,2016,9705643.0
AZ,AZ,2017,9809981.0
AZ,AZ,2018,9898085.0
AZ,AZ,2019,9981457.0
AZ,AZ,2020,10067108.0
AZ,AZ,2021,10119133.0
AZ,AZ,2022,10156366.0
AZ,AZ,2023,10127145.0
AZ,AZ,2024,10180770.0
AZ,AZ,2025,10224889.0
BA,BA,1960,3212349.0
BA,BA,1961,3265629.0
BA,BA,1962,3329909.0
BA,BA,1963,3406130.0
BA,BA,1964,3480448.0
BA,BA,1965,3553053.0
BA,BA,1966,3627922.0
BA,BA,1967,3700916.0
BA,BA,1968,3767185.0
BA,BA,1969,3734546.0
BA,BA,1970,3685694.0
BA,BA,1971,3731216.0
BA,BA,1972,3789131.0
BA,BA,1973,3845048.0
BA,BA,1974,3898064.0
BA,BA,1975,3950628.0
BA,BA,1976,4004830.0
BA,BA,1977,4059247.0
BA,BA,1978,4110203.0
BA,BA,1979,4157746.0
BA,BA,1980,4136941.0
BA,BA,1981,4114030.0
BA,BA,1982,4158361.0
BA,BA,1983,4203208.0
BA,BA,1984,4248746.0
BA,BA,1985,4293863.0
BA,BA,1986,4337350.0
BA,BA,1987,4379545.0
BA,BA,1988,4421373.0
BA,BA,1989,4461498.0
BA,BA,1990,4499203.0
BA,BA,1991,4517921.0
BA,BA,1997,3727439.0
BA,BA,1998,3549736.0
BA,BA,2000,3753085.0
BA,BA,2001,3789717.0
BA,BA,2002,3813167.0
BA,BA,2003,3830349.0
BA,BA,2004,3837414.0
BA,BA,2005,3842532.0
BA,BA,2006,3842650.0
BA,BA,2007,3844017.0
BA,BA,2008,3843846.0
BA,BA,2009,3843998.0
BA,BA,2010,3844046.0
BA,BA,2011,3843183.0
BA,BA,2012,3839265.0
BE,Belgium,1960,9128824.0
BE,Belgium,1961,9178154.0
BE,Belgium,1962,9189741.0
BE,Belgium,1963,9251414.0
BE,Belgium,1964,9328126.0
BE,Belgium,1965,9428100.0
BE,Belgium,1966,9499234.0
BE,Belgium,1967,9556380.0
BE,Belgium,1968,9605601.0
BE,Belgium,1969,9631910.0
BE,Belgium,1970,9660154.0
BE,Belgium,1971,9650944.0
BE,Belgium,1972,9695379.0
BE,Belgium,1973,9726850.0
BE,Belgium,1974,9756590.0
BE,Belgium,1975,9788248.0
BE,Belgium,1976,9813152.0
BE,Belgium,1977,9823302.0
BE,Belgium,1978,9837413.0
BE,Belgium,1979,9841654.0
BE,Belgium,1980,9855110.0
BE,Belgium,1981,9863374.0
BE,Belgium,1982,9854589.0
BE,Belgium,1983,9858017.0
BE,Belgium,1984,9853023.0
BE,Belgium,1985,9857721.0
BE,Belgium,1986,9858895.0
BE,Belgium,1987,9864751.0
BE,Belgium,1988,9875716.0
BE,Belgium,1989,9927612.0
BE,Belgium,1990,9947782.0
BE,Belgium,1991,9986975.0
BE,Belgium,1992,10021997.0
BE,Belgium,1993,10068319.0
BE,Belgium,1994,10100631.0
BE,Belgium,1995,10130574.0
BE,Belgium,1996,10143047.0
BE,Belgium,1997,10170226.0
BE,Belgium,1998,10192264.0
BE,Belgium,1999,10213752.0
BE,Belgium,2000,10239085.0
BE,Belgium,2001,10263414.0
BE,Belgium,2002,10309725.0
BE,Belgium,2003,10355844.0
BE,Belgium,2004,10396421.0
BE,Belgium,2005,10445852.0
BE,Belgium,2006,10511382.0
BE,Belgium,2007,10584534.0
BE,Belgium,2008,10666866.0
BE,Belgium,2009,10753080.0
BE,Belgium,2010,10839905.0
BE,Belgium,2011,11000638.0
BE,Belgium,2012,11075889.0
BE,Belgium,2013,11137974.0
BE,Belgium,2014,11180840.0
BE,Belgium,2015,11237274.0
BE,Belgium,2016,11311117.0
BE,Belgium,2017,11351727.0
BE,Belgium,2018,11398589.0
BE,Belgium,2019,11455519.0
BE,Belgium,2020,11522440.0
BE,Belgium,2021,11554767.0
BE,Belgium,2022,11617623.0
BE,Belgium,2023,11742796.0
BE,Belgium,2024,11817096.0
BE,Belgium,2025,11883495.0
BG,Bulgaria,1960,7829246.0
BG,Bulgaria,1961,7905502.0
BG,Bulgaria,1962,7980734.0
BG,Bulgaria,1963,8045158.0
BG,Bulgaria,1964,8111132.0
BG,Bulgaria,1965,8177547.0
BG,Bulgaria,1966,8230788.0
BG,Bulgaria,1967,8285325.0
BG,Bulgaria,1968,8335126.0
BG,Bulgaria,1969,8404080.0
BG,Bulgaria,1970,8464264.0
BG,Bulgaria,1971,8514883.0
BG,Bulgaria,1972,8557906.0
BG,Bulgaria,1973,8594493.0
BG,Bulgaria,1974,8647440.0
BG,Bulgaria,1975,8710049.0
BG,Bulgaria,1976,8731434.0
BG,Bulgaria,1977,8785763.0
BG,Bulgaria,1978,8822602.0
BG,Bulgaria,1979,8805462.0
BG,Bulgaria,1980,8846417.0
BG,Bulgaria,1981,8876652.0
BG,Bulgaria,1982,8905581.0
BG,Bulgaria,1983,8929332.0
BG,Bulgaria,1984,8950144.0
BG,Bulgaria,1985,8971214.0
BG,Bulgaria,1986,8949880.0
BG,Bulgaria,1987,8966462.0
BG,Bulgaria,1988,8976255.0
BG,Bulgaria,1989,8986636.0
BG,Bulgaria,1990,8767308.0
BG,Bulgaria,1991,8669269.0
BG,Bulgaria,1992,8595465.0
BG,Bulgaria,1993,8484863.0
BG,Bulgaria,1994,8459763.0
BG,Bulgaria,1995,8427418.0
BG,Bulgaria,1996,8384715.0
BG,Bulgaria,1997,8340936.0
BG,Bulgaria,1998,8283200.0
BG,Bulgaria,1999,8230371.0
BG,Bulgaria,2000,8190876.0
BG,Bulgaria,2001,8149468.0
BG,Bulgaria,2002,7868815.0
BG,Bulgaria,2003,7805506.0
BG,Bulgaria,2004,7745147.0
BG,Bulgaria,2005,7688573.0
BG,Bulgaria,2006,7629371.0
BG,Bulgaria,2007,7572673.0
BG,Bulgaria,2008,7518002.0
BG,Bulgaria,2009,7467119.0
BG,Bulgaria,2010,7421766.0
BG,Bulgaria,2011,7369431.0
BG,Bulgaria,2012,7327224.0
BG,Bulgaria,2013,7202556.0
BG,Bulgaria,2014,7117453.0
BG,Bulgaria,2015,7029690.0
BG,Bulgaria,2016,6938759.0
BG,Bulgaria,2017,6849518.0
BG,Bulgaria,2018,6757418.0
BG,Bulgaria,2019,6664177.0
BG,Bulgaria,2020,6569275.0
BG,Bulgaria,2021,6532117.0
BG,Bulgaria,2022,6482484.0
BG,Bulgaria,2023,6447710.0
BG,Bulgaria,2024,6445481.0
BG,Bulgaria,2025,6437360.0
BY,BY,2000,10019480.0
BY,BY,2001,9990435.0
BY,BY,2002,9950941.0
BY,BY,2003,9898590.0
BY,BY,2004,9849062.0
BY,BY,2005,9800073.0
BY,BY,2006,9750540.0
BY,BY,2007,9714461.0
BY,BY,2008,9689770.0
BY,BY,2009,9671912.0
BY,BY,2010,9480178.0
BY,BY,2011,9481193.0
BY,BY,2012,9465150.0
BY,BY,2013,9463840.0
BY,BY,2014,9468154.0
BY,BY,2015,9480868.0
BY,BY,2016,9498364.0
BY,BY,2017,9504704.0
BY,BY,2018,9491823.0
BY,BY,2019,9475174.0
CH,Switzerland,1960,5295500.0
CH,Switzerland,1961,5360153.0
CH,Switzerland,1962,5508435.0
CH,Switzerland,1963,5639195.0
CH,Switzerland,1964,5749299.0
CH,Switzerland,1965,5829156.0
CH,Switzerland,1966,5883788.0
CH,Switzerland,1967,5952216.0
CH,Switzerland,1968,6031353.0
CH,Switzerland,1969,6104074.0
CH,Switzerland,1970,6168700.0
CH,Switzerland,1971,6193054.0
CH,Switzerland,1972,6233744.0
CH,Switzerland,1973,6288168.0
CH,Switzerland,1974,6326525.0
CH,Switzerland,1975,6356285.0
CH,Switzerland,1976,6320978.0
CH,Switzerland,1977,6284029.0
CH,Switzerland,1978,6278319.0
CH,Switzerland,1979,6285156.0
CH,Switzerland,1980,6303573.0
CH,Switzerland,1981,6335243.0
CH,Switzerland,1982,6372904.0
CH,Switzerland,1983,6409713.0
CH,Switzerland,1984,6427833.0
CH,Switzerland,1985,6455896.0
CH,Switzerland,1986,6484834.0
CH,Switzerland,1987,6523413.0
CH,Switzerland,1988,6566799.0
CH,Switzerland,1989,6619973.0
CH,Switzerland,1990,6673850.0
CH,Switzerland,1991,6757188.0
CH,Switzerland,1992,6842768.0
CH,Switzerland,1993,6907959.0
CH,Switzerland,1994,6968570.0
CH,Switzerland,1995,7019019.0
CH,Switzerland,1996,7062354.0
CH,Switzerland,1997,7081346.0
CH,Switzerland,1998,7096465.0
CH,Switzerland,1999,7123537.0
CH,Switzerland,2000,7164444.0
CH,Switzerland,2001,7204055.0
CH,Switzerland,2002,7255653.0
CH,Switzerland,2003,7313853.0
CH,Switzerland,2004,7364148.0
CH,Switzerland,2005,7415102.0
CH,Switzerland,2006,7459128.0
CH,Switzerland,2007,7508739.0
CH,Switzerland,2008,7593494.0
CH,Switzerland,2009,7701856.0
CH,Switzerland,2010,7785806.0
CH,Switzerland,2011,7870134.0
CH,Switzerland,2012,7954662.0
CH,Switzerland,2013,8039060.0
CH,Switzerland,2014,8139631.0
CH,Switzerland,2015,8237666.0
CH,Switzerland,2016,8327126.0
CH,Switzerland,2017,8419550.0
CH,Switzerland,2018,8484130.0
CH,Switzerland,2019,8544527.0
CH,Switzerland,2020,8606033.0
CH,Switzerland,2021,8670300.0
CH,Switzerland,2022,8738791.0
CH,Switzerland,2023,8815385.0
CH,Switzerland,2024,8962258.0
CH,Switzerland,2025,9051029.0
CY,Cyprus,1960,572000.0
CY,Cyprus,1961,573566.0
CY,Cyprus,1962,575900.0
CY,Cyprus,1963,578900.0
CY,Cyprus,1964,585500.0
CY,Cyprus,1965,588400.0
CY,Cyprus,1966,593200.0
CY,Cyprus,1967,597100.0
CY,Cyprus,1968,601800.0
CY,Cyprus,1969,606800.0
CY,Cyprus,1970,612000.0
CY,Cyprus,1971,616900.0
CY,Cyprus,1972,623100.0
CY,Cyprus,1973,631778.0
CY,Cyprus,1974,637800.0
CY,Cyprus,1975,505700.0
CY,Cyprus,1976,497879.0
CY,Cyprus,1977,497600.0
CY,Cyprus,1978,498000.0
CY,Cyprus,1979,501300.0
CY,Cyprus,1980,505800.0
CY,Cyprus,1981,512300.0
CY,Cyprus,1982,522845.0
CY,Cyprus,1983,524623.0
CY,Cyprus,1984,531518.0
CY,Cyprus,1985,538397.0
CY,Cyprus,1986,544605.0
CY,Cyprus,1987,550888.0
CY,Cyprus,1988,556584.0
CY,Cyprus,1989,562693.0
CY,Cyprus,1990,572655.0
CY,Cyprus,1991,587141.0
CY,Cyprus,1992,603069.0
CY,Cyprus,1993,619231.0
CY,Cyprus,1994,632944.0
CY,Cyprus,1995,645399.0
CY,Cyprus,1996,656333.0
CY,Cyprus,1997,666313.0
CY,Cyprus,1998,675215.0
CY,Cyprus,1999,682862.0
CY,Cyprus,2000,690497.0
CY,Cyprus,2001,697549.0
CY,Cyprus,2002,705539.0
CY,Cyprus,2003,713720.0
CY,Cyprus,2004,722893.0
CY,Cyprus,2005,733067.0
CY,Cyprus,2006,744013.0
CY,Cyprus,2007,757916.0
CY,Cyprus,2008,776333.0
CY,Cyprus,2009,796930.0
CY,Cyprus,2010,819140.0
CY,Cyprus,2011,839751.0
CY,Cyprus,2012,862011.0
CY,Cyprus,2013,862854.0
CY,Cyprus,2014,860032.0
CY,Cyprus,2015,860846.0
CY,Cyprus,2016,863764.0
CY,Cyprus,2017,869878.0
CY,Cyprus,2018,878601.0
CY,Cyprus,2019,890194.0
CY,Cyprus,2020,902429.0
CY,Cyprus,2021,914476.0
CY,Cyprus,2022,929764.0
CY,Cyprus,2023,949084.0
CY,Cyprus,2024,966365.0
CY,Cyprus,2025,982966.0
CZ,Czechia,1960,9637840.0
CZ,Czechia,1961,9566172.0
CZ,Czechia,1962,9607129.0
CZ,Czechia,1963,9642191.0
CZ,Czechia,1964,9699179.0
CZ,Czechia,1965,9756429.0
CZ,Czechia,1966,9802287.0
CZ,Czechia,1967,9839792.0
CZ,Czechia,1968,9866006.0
CZ,Czechia,1969,9886686.0
CZ,Czechia,1970,9906474.0
CZ,Czechia,1971,9809667.0
CZ,Czechia,1972,9843962.0
CZ,Czechia,1973,9891302.0
CZ,Czechia,1974,9953230.0
CZ,Czechia,1975,10023688.0
CZ,Czechia,1976,10093551.0
CZ,Czechia,1977,10158327.0
CZ,Czechia,1978,10215183.0
CZ,Czechia,1979,10269012.0
CZ,Czechia,1980,10315669.0
CZ,Czechia,1981,10292717.0
CZ,Czechia,1982,10308465.0
CZ,Czechia,1983,10321186.0
CZ,Czechia,1984,10326526.0
CZ,Czechia,1985,10333900.0
CZ,Czechia,1986,10340335.0
CZ,Czechia,1987,10344119.0
CZ,Czechia,1988,10350517.0
CZ,Czechia,1989,10360034.0
CZ,Czechia,1990,10362102.0
CZ,Czechia,1991,10304607.0
CZ,Czechia,1992,10312548.0
CZ,Czechia,1993,10325697.0
CZ,Czechia,1994,10334013.0
CZ,Czechia,1995,10333161.0
CZ,Czechia,1996,10321344.0
CZ,Czechia,1997,10309137.0
CZ,Czechia,1998,10299125.0
CZ,Czechia,1999,10289621.0
CZ,Czechia,2000,10278098.0
CZ,Czechia,2001,10232027.0
CZ,Czechia,2002,10201182.0
CZ,Czechia,2003,10192649.0
CZ,Czechia,2004,10195347.0
CZ,Czechia,2005,10198855.0
CZ,Czechia,2006,10223577.0
CZ,Czechia,2007,10254233.0
CZ,Czechia,2008,10343422.0
CZ,Czechia,2009,10425783.0
CZ,Czechia,2010,10462088.0
CZ,Czechia,2011,10486731.0
CZ,Czechia,2012,10505445.0
CZ,Czechia,2013,10516125.0
CZ,Czechia,2014,10512419.0
CZ,Czechia,2015,10538275.0
CZ,Czechia,2016,10553843.0
CZ,Czechia,2017,10578820.0
CZ,Czechia,2018,10610055.0
CZ,Czechia,2019,10649800.0
CZ,Czechia,2020,10693939.0
CZ,Czechia,2021,10494836.0
CZ,Czechia,2022,10516707.0
CZ,Czechia,2023,10827529.0
CZ,Czechia,2024,10900555.0
CZ,Czechia,2025,10909500.0
DE,Germany,1960,55257088.0
DE,Germany,1961,55958321.0
DE,Germany,1962,56589148.0
DE,Germany,1963,57247246.0
DE,Germany,1964,57864509.0
DE,Germany,1965,58587451.0
DE,Germany,1966,59296591.0
DE,Germany,1967,59792934.0
DE,Germany,1968,59948474.0
DE,Germany,1969,60463033.0
DE,Germany,1970,61194591.0
DE,Germany,1971,61001164.0
DE,Germany,1972,61502503.0
DE,Germany,1973,61809358.0
DE,Germany,1974,62101379.0
DE,Germany,1975,61991475.0
DE,Germany,1976,61644624.0
DE,Germany,1977,61441996.0
DE,Germany,1978,61352745.0
DE,Germany,1979,61321663.0
DE,Germany,1980,61439338.0
DE,Germany,1981,61657952.0
DE,Germany,1982,61712689.0
DE,Germany,1983,61546101.0
DE,Germany,1984,61306669.0
DE,Germany,1985,61049256.0
DE,Germany,1986,61020474.0
DE,Germany,1987,61140461.0
DE,Germany,1988,61238079.0
DE,Germany,1989,61715103.0
DE,Germany,1990,62679035.0
DE,Germany,1991,79753227.0
DE,Germany,1992,80274564.0
DE,Germany,1993,80974632.0
DE,Germany,1994,81338093.0
DE,Germany,1995,81538603.0
DE,Germany,1996,81817499.0
DE,Germany,1997,82012162.0
DE,Germany,1998,82057379.0
DE,Germany,1999,82037011.0
DE,Germany,2000,82163475.0
DE,Germany,2001,82259540.0
DE,Germany,2002,82440309.0
DE,Germany,2003,82536680.0
DE,Germany,2004,82531671.0
DE,Germany,2005,82500849.0
DE,Germany,2006,82437995.0
DE,Germany,2007,82314906.0
DE,Germany,2008,82217837.0
DE,Germany,2009,82002356.0
DE,Germany,2010,81802257.0
DE,Germany,2011,80222065.0
DE,Germany,2012,80327900.0
DE,Germany,2013,80523746.0
DE,Germany,2014,80767463.0
DE,Germany,2015,81197537.0
DE,Germany,2016,82175684.0
DE,Germany,2017,82521653.0
DE,Germany,2018,82792351.0
DE,Germany,2019,83019213.0
DE,Germany,2020,83166711.0
DE,Germany,2021,83155031.0
DE,Germany,2022,83237124.0
DE,Germany,2023,83118501.0
DE,Germany,2024,83456045.0
DE,Germany,2025,83577140.0
DE_TOT,DE_TOT,1960,72542990.0
DE_TOT,DE_TOT,1961,73086809.0
DE_TOT,DE_TOT,1962,73668454.0
DE_TOT,DE_TOT,1963,74383113.0
DE_TOT,DE_TOT,1964,75045592.0
DE_TOT,DE_TOT,1965,75591082.0
DE_TOT,DE_TOT,1966,76336308.0
DE_TOT,DE_TOT,1967,76864314.0
DE_TOT,DE_TOT,1968,77038358.0
DE_TOT,DE_TOT,1969,77550269.0
DE_TOT,DE_TOT,1970,78269095.0
DE_TOT,DE_TOT,1971,78069482.0
DE_TOT,DE_TOT,1972,78556202.0
DE_TOT,DE_TOT,1973,78820701.0
DE_TOT,DE_TOT,1974,79052630.0
DE_TOT,DE_TOT,1975,78882235.0
DE_TOT,DE_TOT,1976,78464873.0
DE_TOT,DE_TOT,1977,78209026.0
DE_TOT,DE_TOT,1978,78110602.0
DE_TOT,DE_TOT,1979,78073038.0
DE_TOT,DE_TOT,1980,78179662.0
DE_TOT,DE_TOT,1981,78397490.0
DE_TOT,DE_TOT,1982,78418324.0
DE_TOT,DE_TOT,1983,78248407.0
DE_TOT,DE_TOT,1984,78008156.0
DE_TOT,DE_TOT,1985,77709213.0
DE_TOT,DE_TOT,1986,77660533.0
DE_TOT,DE_TOT,1987,77780338.0
DE_TOT,DE_TOT,1988,77899502.0
DE_TOT,DE_TOT,1989,78389735.0
DE_TOT,DE_TOT,1990,79112831.0
DE_TOT,DE_TOT,1991,79753227.0
DE_TOT,DE_TOT,1992,80274564.0
DE_TOT,DE_TOT,1993,80974632.0
DE_TOT,DE_TOT,1994,81338093.0
DE_TOT,DE_TOT,1995,81538603.0
DE_TOT,DE_TOT,1996,81817499.0
DE_TOT,DE_TOT,1997,82012162.0
DE_TOT,DE_TOT,1998,82057379.0
DE_TOT,DE_TOT,1999,82037011.0
DE_TOT,DE_TOT,2000,82163475.0
DE_TOT,DE_TOT,2001,82259540.0
DE_TOT,DE_TOT,2002,82440309.0
DE_TOT,DE_TOT,2003,82536680.0
DE_TOT,DE_TOT,2004,82531671.0
DE_TOT,DE_TOT,2005,82500849.0
DE_TOT,DE_TOT,2006,82437995.0
DE_TOT,DE_TOT,2007,82314906.0
DE_TOT,DE_TOT,2008,82217837.0
DE_TOT,DE_TOT,2009,82002356.0
DE_TOT,DE_TOT,2010,81802257.0
DE_TOT,DE_TOT,2011,80222065.0
DE_TOT,DE_TOT,2012,80327900.0
DE_TOT,DE_TOT,2013,80523746.0
DE_TOT,DE_TOT,2014,80767463.0
DE_TOT,DE_TOT,2015,81197537.0
DE_TOT,DE_TOT,2016,82175684.0
DE_TOT,DE_TOT,2017,82521653.0
DE_TOT,DE_TOT,2018,82792351.0
DE_TOT,DE_TOT,2019,83019213.0
DE_TOT,DE_TOT,2020,83166711.0
DE_TOT,DE_TOT,2021,83155031.0
DE_TOT,DE_TOT,2022,83237124.0
DE_TOT,DE_TOT,2023,83118501.0
DE_TOT,DE_TOT,2024,83456045.0
DE_TOT,DE_TOT,2025,83577140.0
DK,Denmark,1960,4565455.0
DK,Denmark,1961,4593750.0
DK,Denmark,1962,4629624.0
DK,Denmark,1963,4665829.0
DK,Denmark,1964,4703136.0
DK,Denmark,1965,4741008.0
DK,Denmark,1966,4777015.0
DK,Denmark,1967,4817746.0
DK,Denmark,1968,4852962.0
DK,Denmark,1969,4876803.0
DK,Denmark,1970,4906916.0
DK,Denmark,1971,4950598.0
DK,Denmark,1972,4975653.0
DK,Denmark,1973,5007538.0
DK,Denmark,1974,5036184.0
DK,Denmark,1975,5054410.0
DK,Denmark,1976,5065313.0
DK,Denmark,1977,5079879.0
DK,Denmark,1978,5096959.0
DK,Denmark,1979,5111537.0
DK,Denmark,1980,5122065.0
DK,Denmark,1981,5123989.0
DK,Denmark,1982,5119155.0
DK,Denmark,1983,5116464.0
DK,Denmark,1984,5112130.0
DK,Denmark,1985,5111108.0
DK,Denmark,1986,5116273.0
DK,Denmark,1987,5124794.0
DK,Denmark,1988,5129254.0
DK,Denmark,1989,5129778.0
DK,Denmark,1990,5135409.0
DK,Denmark,1991,5146469.0
DK,Denmark,1992,5162126.0
DK,Denmark,1993,5180614.0
DK,Denmark,1994,5196642.0
DK,Denmark,1995,5215718.0
DK,Denmark,1996,5251027.0
DK,Denmark,1997,5275121.0
DK,Denmark,1998,5294860.0
DK,Denmark,1999,5313577.0
DK,Denmark,2000,5330020.0
DK,Denmark,2001,5349212.0
DK,Denmark,2002,5368354.0
DK,Denmark,2003,5383507.0
DK,Denmark,2004,5397640.0
DK,Denmark,2005,5411405.0
DK,Denmark,2006,5427459.0
DK,Denmark,2007,5447084.0
DK,Denmark,2008,5475791.0
DK,Denmark,2009,5511451.0
DK,Denmark,2010,5534738.0
DK,Denmark,2011,5560628.0
DK,Denmark,2012,5580516.0
DK,Denmark,2013,5602628.0
DK,Denmark,2014,5627235.0
DK,Denmark,2015,5659715.0
DK,Denmark,2016,5707251.0
DK,Denmark,2017,5748769.0
DK,Denmark,2018,5781190.0
DK,Denmark,2019,5806081.0
DK,Denmark,2020,5822763.0
DK,Denmark,2021,5840045.0
DK,Denmark,2022,5873420.0
DK,Denmark,2023,5932654.0
DK,Denmark,2024,5961249.0
DK,Denmark,2025,5992734.0
EA20,Eurozone,2013,340884869.0
EA20,Eurozone,2014,341550723.0
EA20,Eurozone,2015,342257711.0
EA20,Eurozone,2016,343444952.0
EA20,Eurozone,2017,344141575.0
EA20,Eurozone,2018,344808648.0
EA20,Eurozone,2019,345712139.0
EA20,Eurozone,2020,346640106.0
EA20,Eurozone,2021,346718238.0
EA20,Eurozone,2022,347104468.0
EA20,Eurozone,2023,348557873.0
EA20,Eurozone,2024,350174019.0
EA20,Eurozone,2025,351639519.0
EA21,EA21,2025,358076879.0
EE,Estonia,1960,1206362.0
EE,Estonia,1961,1216712.0
EE,Estonia,1962,1233441.0
EE,Estonia,1963,1249804.0
EE,Estonia,1964,1267910.0
EE,Estonia,1965,1286262.0
EE,Estonia,1966,1302870.0
EE,Estonia,1967,1314323.0
EE,Estonia,1968,1323569.0
EE,Estonia,1969,1338858.0
EE,Estonia,1970,1351640.0
EE,Estonia,1971,1368511.0
EE,Estonia,1972,1385399.0
EE,Estonia,1973,1399637.0
EE,Estonia,1974,1412265.0
EE,Estonia,1975,1424073.0
EE,Estonia,1976,1434630.0
EE,Estonia,1977,1444522.0
EE,Estonia,1978,1455900.0
EE,Estonia,1979,1464476.0
EE,Estonia,1980,1472190.0
EE,Estonia,1981,1482247.0
EE,Estonia,1982,1493085.0
EE,Estonia,1983,1503743.0
EE,Estonia,1984,1513747.0
EE,Estonia,1985,1523486.0
EE,Estonia,1986,1534076.0
EE,Estonia,1987,1546304.0
EE,Estonia,1988,1558137.0
EE,Estonia,1989,1565662.0
EE,Estonia,1990,1570599.0
EE,Estonia,1991,1567749.0
EE,Estonia,1992,1554878.0
EE,Estonia,1993,1511303.0
EE,Estonia,1994,1476952.0
EE,Estonia,1995,1448075.0
EE,Estonia,1996,1425192.0
EE,Estonia,1997,1405996.0
EE,Estonia,1998,1393074.0
EE,Estonia,1999,1379237.0
EE,Estonia,2000,1401250.0
EE,Estonia,2001,1392720.0
EE,Estonia,2002,1383510.0
EE,Estonia,2003,1375190.0
EE,Estonia,2004,1366250.0
EE,Estonia,2005,1358850.0
EE,Estonia,2006,1350700.0
EE,Estonia,2007,1342920.0
EE,Estonia,2008,1338440.0
EE,Estonia,2009,1335740.0
EE,Estonia,2010,1333290.0
EE,Estonia,2011,1329660.0
EE,Estonia,2012,1325217.0
EE,Estonia,2013,1320169.0
EE,Estonia,2014,1315819.0
EE,Estonia,2015,1313271.0
EE,Estonia,2016,1315944.0
EE,Estonia,2017,1315635.0
EE,Estonia,2018,1319133.0
EE,Estonia,2019,1324820.0
EE,Estonia,2020,1328889.0
EE,Estonia,2021,1330068.0
EE,Estonia,2022,1331796.0
EE,Estonia,2023,1365884.0
EE,Estonia,2024,1374687.0
EE,Estonia,2025,1369995.0
EEA30_2007,EEA30_2007,1960,406362168.0
EEA30_2007,EEA30_2007,1965,424373323.0
EEA30_2007,EEA30_2007,1970,439557803.0
EEA30_2007,EEA30_2007,1971,441422518.0
EEA30_2007,EEA30_2007,1975,451803585.0
EEA30_2007,EEA30_2007,1976,453994905.0
EEA30_2007,EEA30_2007,1977,455902582.0
EEA30_2007,EEA30_2007,1978,457814838.0
EEA30_2007,EEA30_2007,1979,459595740.0
EEA30_2007,EEA30_2007,1980,461485332.0
EEA30_2007,EEA30_2007,1981,463458024.0
EEA30_2007,EEA30_2007,1982,464962566.0
EEA30_2007,EEA30_2007,1983,466148393.0
EEA30_2007,EEA30_2007,1984,467098623.0
EEA30_2007,EEA30_2007,1985,468111291.0
EEA30_2007,EEA30_2007,1986,469211748.0
EEA30_2007,EEA30_2007,1987,470548009.0
EEA30_2007,EEA30_2007,1988,471804259.0
EEA30_2007,EEA30_2007,1989,473450476.0
EEA30_2007,EEA30_2007,1990,474930508.0
EEA30_2007,EEA30_2007,1991,476594784.0
EEA30_2007,EEA30_2007,1992,477892012.0
EEA30_2007,EEA30_2007,1993,479597438.0
EEA30_2007,EEA30_2007,1994,480868037.0
EEA30_2007,EEA30_2007,1995,481891130.0
EEA30_2007,EEA30_2007,1996,482824056.0
EEA30_2007,EEA30_2007,1997,483673506.0
EEA30_2007,EEA30_2007,1998,486062046.0
EEA30_2007,EEA30_2007,1999,486803550.0
EEA30_2007,EEA30_2007,2000,487551317.0
EEA30_2007,EEA30_2007,2001,488764781.0
EEA30_2007,EEA30_2007,2002,489501378.0
EEA30_2007,EEA30_2007,2003,491260780.0
EEA30_2007,EEA30_2007,2004,493152394.0
EEA30_2007,EEA30_2007,2005,495222001.0
EEA30_2007,EEA30_2007,2006,497099125.0
EEA30_2007,EEA30_2007,2007,499011219.0
EEA30_2007,EEA30_2007,2008,501073052.0
EEA30_2007,EEA30_2007,2009,502934648.0
EEA30_2007,EEA30_2007,2010,504079494.0
EEA30_2007,EEA30_2007,2011,503949886.0
EEA30_2007,EEA30_2007,2012,505113900.0
EEA30_2007,EEA30_2007,2013,506310838.0
EEA30_2007,EEA30_2007,2015,509115773.0
EEA30_2007,EEA30_2007,2016,510819888.0
EEA30_2007,EEA30_2007,2017,512055378.0
EEA30_2007,EEA30_2007,2018,513228429.0
EEA30_2007,EEA30_2007,2019,514537646.0
EEA30_2007,EEA30_2007,2020,515878092.0
EEA31,EEA31,1960,410489590.0
EEA31,EEA31,1965,428639503.0
EEA31,EEA31,1970,443961155.0
EEA31,EEA31,1971,445843669.0
EEA31,EEA31,1975,456304312.0
EEA31,EEA31,1976,458518341.0
EEA31,EEA31,1977,460451014.0
EEA31,EEA31,1978,462385547.0
EEA31,EEA31,1979,464187200.0
EEA31,EEA31,1980,466083427.0
EEA31,EEA31,1981,468059493.0
EEA31,EEA31,1982,469584114.0
EEA31,EEA31,1983,470795314.0
EEA31,EEA31,1984,471768210.0
EEA31,EEA31,1985,472802274.0
EEA31,EEA31,1986,473923600.0
EEA31,EEA31,1987,475279050.0
EEA31,EEA31,1988,476552709.0
EEA31,EEA31,1989,478212441.0
EEA31,EEA31,1990,479703064.0
EEA31,EEA31,1991,481376963.0
EEA31,EEA31,1992,482487877.0
EEA31,EEA31,1993,484153209.0
EEA31,EEA31,1994,485513192.0
EEA31,EEA31,1995,486550023.0
EEA31,EEA31,1996,487405223.0
EEA31,EEA31,1997,488206534.0
EEA31,EEA31,1998,490598858.0
EEA31,EEA31,1999,491331010.0
EEA31,EEA31,2000,492049052.0
EEA31,EEA31,2001,493060187.0
EEA31,EEA31,2002,493806872.0
EEA31,EEA31,2003,495566164.0
EEA31,EEA31,2004,497458119.0
EEA31,EEA31,2005,499532862.0
EEA31,EEA31,2006,501411612.0
EEA31,EEA31,2007,503324749.0
EEA31,EEA31,2008,505385019.0
EEA31,EEA31,2009,507244444.0
EEA31,EEA31,2010,508382341.0
EEA31,EEA31,2011,508239743.0
EEA31,EEA31,2012,509389884.0
EEA31,EEA31,2013,511055242.0
EEA31,EEA31,2015,513310526.0
EEA31,EEA31,2016,514966448.0
EEA31,EEA31,2017,516149223.0
EEA31,EEA31,2018,517257135.0
EEA31,EEA31,2019,518520617.0
EEA31,EEA31,2020,519826027.0
EFTA,EFTA,1960,9053336.0
EFTA,EFTA,1961,9148844.0
EFTA,EFTA,1962,9331154.0
EFTA,EFTA,1963,9493953.0
EFTA,EFTA,1964,9635106.0
EFTA,EFTA,1965,9747502.0
EFTA,EFTA,1966,9834737.0
EFTA,EFTA,1967,9937651.0
EFTA,EFTA,1968,10052847.0
EFTA,EFTA,1969,10160198.0
EFTA,EFTA,1970,10256893.0
EFTA,EFTA,1971,10307543.0
EFTA,EFTA,1972,10380728.0
EFTA,EFTA,1973,10469728.0
EFTA,EFTA,1974,10536393.0
EFTA,EFTA,1975,10594250.0
EFTA,EFTA,1976,10581288.0
EFTA,EFTA,1977,10564446.0
EFTA,EFTA,1978,10576794.0
EFTA,EFTA,1979,10601152.0
EFTA,EFTA,1980,10635230.0
EFTA,EFTA,1981,10682125.0
EFTA,EFTA,1982,10738279.0
EFTA,EFTA,1983,10794141.0
EFTA,EFTA,1984,10827114.0
EFTA,EFTA,1985,10869027.0
EFTA,EFTA,1986,10913300.0
EFTA,EFTA,1987,10970490.0
EFTA,EFTA,1988,11040363.0
EFTA,EFTA,1989,11120759.0
EFTA,EFTA,1990,11189203.0
EFTA,EFTA,1991,11291916.0
EFTA,EFTA,1992,11405515.0
EFTA,EFTA,1993,11499380.0
EFTA,EFTA,1994,11588759.0
EFTA,EFTA,1995,11665036.0
EFTA,EFTA,1996,11731192.0
EFTA,EFTA,1997,11775077.0
EFTA,EFTA,1998,11817765.0
EFTA,EFTA,1999,11876593.0
EFTA,EFTA,2000,11954416.0
EFTA,EFTA,2001,12023715.0
EFTA,EFTA,2002,12099819.0
EFTA,EFTA,2003,12188439.0
EFTA,EFTA,2004,12266469.0
EFTA,EFTA,2005,12349642.0
EFTA,EFTA,2006,12434143.0
EFTA,EFTA,2007,12532713.0
EFTA,EFTA,2008,12681480.0
EFTA,EFTA,2009,12856065.0
EFTA,EFTA,2010,12997529.0
EFTA,EFTA,2011,13145040.0
EFTA,EFTA,2012,13296582.0
EFTA,EFTA,2013,13449030.0
EFTA,EFTA,2014,13611487.0
EFTA,EFTA,2015,13769934.0
EFTA,EFTA,2016,13911262.0
EFTA,EFTA,2017,14054026.0
EFTA,EFTA,2018,14166313.0
EFTA,EFTA,2019,14268108.0
EFTA,EFTA,2020,14376494.0
EFTA,EFTA,2021,14469516.0
EFTA,EFTA,2022,14579617.0
EFTA,EFTA,2023,14731804.0
EFTA,EFTA,2024,14936057.0
EFTA,EFTA,2025,15075699.0
EL,EL,1960,8300399.0
EL,EL,1961,8363050.0
EL,EL,1962,8433050.0
EL,EL,1963,8463416.0
EL,EL,1964,8495834.0
EL,EL,1965,8525024.0
EL,EL,1966,8575642.0
EL,EL,1967,8651660.0
EL,EL,1968,8716516.0
EL,EL,1969,8765014.0
EL,EL,1970,8780514.0
EL,EL,1971,8805098.0
EL,EL,1972,8856974.0
EL,EL,1973,8920282.0
EL,EL,1974,8937890.0
EL,EL,1975,8986153.0
EL,EL,1976,9106928.0
EL,EL,1977,9269372.0
EL,EL,1978,9347586.0
EL,EL,1979,9512332.0
EL,EL,1980,9584184.0
EL,EL,1981,9700826.0
EL,EL,1982,9757874.0
EL,EL,1983,9821152.0
EL,EL,1984,9872102.0
EL,EL,1985,9919500.0
EL,EL,1986,9949100.0
EL,EL,1987,9985326.0
EL,EL,1988,10015863.0
EL,EL,1989,10058103.0
EL,EL,1990,10120892.0
EL,EL,1991,10272691.0
EL,EL,1992,10367163.0
EL,EL,1993,10430958.0
EL,EL,1994,10489871.0
EL,EL,1995,10535973.0
EL,EL,1996,10588332.0
EL,EL,1997,10629267.0
EL,EL,1998,10693250.0
EL,EL,1999,10747768.0
EL,EL,2000,10775627.0
EL,EL,2001,10835989.0
EL,EL,2002,10888274.0
EL,EL,2003,10915770.0
EL,EL,2004,10940369.0
EL,EL,2005,10969912.0
EL,EL,2006,11004716.0
EL,EL,2007,11036008.0
EL,EL,2008,11060937.0
EL,EL,2009,11094745.0
EL,EL,2010,11119289.0
EL,EL,2012,11072725.0
EL,EL,2013,10980006.0
EL,EL,2014,10894294.0
EL,EL,2015,10818041.0
EL,EL,2016,10735415.0
EL,EL,2017,10707527.0
EL,EL,2018,10667336.0
EL,EL,2019,10635213.0
EL,EL,2020,10612591.0
EL,EL,2021,10555344.0
EL,EL,2022,10461627.0
EL,EL,2023,10401868.0
EL,EL,2024,10375764.0
EL,EL,2025,10372335.0
ES,Spain,1960,30327000.0
ES,Spain,1961,30583000.0
ES,Spain,1962,30895500.0
ES,Spain,1963,31151231.0
ES,Spain,1964,31442070.0
ES,Spain,1965,31776320.0
ES,Spain,1966,32132264.0
ES,Spain,1967,32434123.0
ES,Spain,1968,32931771.0
ES,Spain,1969,33294497.0
ES,Spain,1970,33587610.0
ES,Spain,1971,34040642.0
ES,Spain,1972,34408338.0
ES,Spain,1973,34800600.0
ES,Spain,1974,35177294.0
ES,Spain,1975,35569375.0
ES,Spain,1976,35946425.0
ES,Spain,1977,36329199.0
ES,Spain,1978,36694077.0
ES,Spain,1979,37035719.0
ES,Spain,1980,37346940.0
ES,Spain,1981,37635389.0
ES,Spain,1982,37881873.0
ES,Spain,1983,38090151.0
ES,Spain,1984,38252899.0
ES,Spain,1985,38407829.0
ES,Spain,1986,38531195.0
ES,Spain,1987,38638052.0
ES,Spain,1988,38731578.0
ES,Spain,1989,38802300.0
ES,Spain,1990,38853227.0
ES,Spain,1991,38881416.0
ES,Spain,1992,39051336.0
ES,Spain,1993,39264034.0
ES,Spain,1994,39458489.0
ES,Spain,1995,39639726.0
ES,Spain,1996,39808374.0
ES,Spain,1997,39971329.0
ES,Spain,1998,40143449.0
ES,Spain,1999,40303568.0
ES,Spain,2000,40470182.0
ES,Spain,2001,40665545.0
ES,Spain,2002,41035278.0
ES,Spain,2003,41827838.0
ES,Spain,2004,42547451.0
ES,Spain,2005,43296338.0
ES,Spain,2006,44009971.0
ES,Spain,2007,44784666.0
ES,Spain,2008,45668939.0
ES,Spain,2009,46239273.0
ES,Spain,2010,46486619.0
ES,Spain,2011,46667174.0
ES,Spain,2012,46818219.0
ES,Spain,2013,46712650.0
ES,Spain,2014,46495744.0
ES,Spain,2015,46425722.0
ES,Spain,2016,46418884.0
ES,Spain,2017,46497393.0
ES,Spain,2018,46645070.0
ES,Spain,2019,46918951.0
ES,Spain,2020,47318050.0
ES,Spain,2021,47400798.0
ES,Spain,2022,47486843.0
ES,Spain,2023,48085361.0
ES,Spain,2024,48619695.0
ES,Spain,2025,49128297.0
EU27_2007,EU27_2007,1960,402604332.0
EU27_2007,EU27_2007,1965,420454977.0
EU27_2007,EU27_2007,1970,435469610.0
EU27_2007,EU27_2007,1971,437308029.0
EU27_2007,EU27_2007,1975,447565620.0
EU27_2007,EU27_2007,1976,449734595.0
EU27_2007,EU27_2007,1977,451622165.0
EU27_2007,EU27_2007,1978,453516363.0
EU27_2007,EU27_2007,1979,455279744.0
EU27_2007,EU27_2007,1980,457153675.0
EU27_2007,EU27_2007,1981,459111142.0
EU27_2007,EU27_2007,1982,460597191.0
EU27_2007,EU27_2007,1983,461763965.0
EU27_2007,EU27_2007,1984,462699342.0
EU27_2007,EU27_2007,1985,463698160.0
EU27_2007,EU27_2007,1986,464783282.0
EU27_2007,EU27_2007,1987,466100932.0
EU27_2007,EU27_2007,1988,467330695.0
EU27_2007,EU27_2007,1989,468949690.0
EU27_2007,EU27_2007,1990,470415155.0
EU27_2007,EU27_2007,1991,472060056.0
EU27_2007,EU27_2007,1992,473329265.0
EU27_2007,EU27_2007,1993,475006017.0
EU27_2007,EU27_2007,1994,476247848.0
EU27_2007,EU27_2007,1995,477245113.0
EU27_2007,EU27_2007,1996,478155218.0
EU27_2007,EU27_2007,1997,478979775.0
EU27_2007,EU27_2007,1998,481340746.0
EU27_2007,EU27_2007,1999,482050494.0
EU27_2007,EU27_2007,2000,482761345.0
EU27_2007,EU27_2007,2001,483945121.0
EU27_2007,EU27_2007,2002,484657212.0
EU27_2007,EU27_2007,2003,486386194.0
EU27_2007,EU27_2007,2004,488250073.0
EU27_2007,EU27_2007,2005,490287461.0
EU27_2007,EU27_2007,2006,492124110.0
EU27_2007,EU27_2007,2007,493987245.0
EU27_2007,EU27_2007,2008,495985066.0
EU27_2007,EU27_2007,2009,497780439.0
EU27_2007,EU27_2007,2010,498867771.0
EU27_2007,EU27_2007,2011,498674980.0
EU27_2007,EU27_2007,2012,499771980.0
EU27_2007,EU27_2007,2013,501397469.0
EU27_2007,EU27_2007,2015,503597343.0
EU27_2007,EU27_2007,2016,505251197.0
EU27_2007,EU27_2007,2017,506435978.0
EU27_2007,EU27_2007,2018,507560611.0
EU27_2007,EU27_2007,2019,508828360.0
EU27_2007,EU27_2007,2020,510122055.0
EU27_2020,EU27,1960,354531754.0
EU27_2020,EU27,1965,370521157.0
EU27_2020,EU27,1970,384326562.0
EU27_2020,EU27,1971,385949080.0
EU27_2020,EU27,1975,395835667.0
EU27_2020,EU27,1976,398037111.0
EU27_2020,EU27,1977,399967581.0
EU27_2020,EU27,1978,401903104.0
EU27_2020,EU27,1979,403662165.0
EU27_2020,EU27,1980,405466907.0
EU27_2020,EU27,1981,407369042.0
EU27_2020,EU27,1982,408894651.0
EU27_2020,EU27,1983,410107692.0
EU27_2020,EU27,1984,411006427.0
EU27_2020,EU27,1985,411907502.0
EU27_2020,EU27,1986,412876239.0
EU27_2020,EU27,1987,414088076.0
EU27_2020,EU27,1988,415218942.0
EU27_2020,EU27,1989,416715205.0
EU27_2020,EU27,1990,418030739.0
EU27_2020,EU27,1991,419504036.0
EU27_2020,EU27,1992,420413536.0
EU27_2020,EU27,1993,421912578.0
EU27_2020,EU27,1994,423104986.0
EU27_2020,EU27,1995,423960534.0
EU27_2020,EU27,1996,424641798.0
EU27_2020,EU27,1997,425273491.0
EU27_2020,EU27,1998,427482962.0
EU27_2020,EU27,1999,427998269.0
EU27_2020,EU27,2000,428473834.0
EU27_2020,EU27,2001,429240746.0
EU27_2020,EU27,2002,429723142.0
EU27_2020,EU27,2003,431190184.0
EU27_2020,EU27,2004,432762039.0
EU27_2020,EU27,2005,434416272.0
EU27_2020,EU27,2006,435816236.0
EU27_2020,EU27,2007,437227496.0
EU27_2020,EU27,2008,438725386.0
EU27_2020,EU27,2009,440047892.0
EU27_2020,EU27,2010,440660421.0
EU27_2020,EU27,2011,439942305.0
EU27_2020,EU27,2012,440552661.0
EU27_2020,EU27,2013,441739930.0
EU27_2020,EU27,2014,442268078.0
EU27_2020,EU27,2015,442924865.0
EU27_2020,EU27,2016,444003268.0
EU27_2020,EU27,2017,444670605.0
EU27_2020,EU27,2018,445301376.0
EU27_2020,EU27,2019,446149924.0
EU27_2020,EU27,2020,447030024.0
EU27_2020,EU27,2021,445891011.0
EU27_2020,EU27,2022,445972024.0
EU27_2020,EU27,2023,447695350.0
EU27_2020,EU27,2024,449306184.0
EU27_2020,EU27,2025,450646971.0
EU28,EU28,1960,406731754.0
EU28,EU28,1965,424721157.0
EU28,EU28,1970,439872962.0
EU28,EU28,1971,441729180.0
EU28,EU28,1975,452066347.0
EU28,EU28,1976,454258031.0
EU28,EU28,1977,456170597.0
EU28,EU28,1978,458087072.0
EU28,EU28,1979,459871204.0
EU28,EU28,1980,461751770.0
EU28,EU28,1981,463712611.0
EU28,EU28,1982,465218739.0
EU28,EU28,1983,466410886.0
EU28,EU28,1984,467368929.0
EU28,EU28,1985,468389143.0
EU28,EU28,1986,469495134.0
EU28,EU28,1987,470831973.0
EU28,EU28,1988,472079145.0
EU28,EU28,1989,473711655.0
EU28,EU28,1990,475187711.0
EU28,EU28,1991,476842235.0
EU28,EU28,1992,477925130.0
EU28,EU28,1993,479561788.0
EU28,EU28,1994,480893003.0
EU28,EU28,1995,481904006.0
EU28,EU28,1996,482736385.0
EU28,EU28,1997,483512803.0
EU28,EU28,1998,485877558.0
EU28,EU28,1999,486577954.0
EU28,EU28,2000,487259080.0
EU28,EU28,2001,488240527.0
EU28,EU28,2002,488962706.0
EU28,EU28,2003,490691578.0
EU28,EU28,2004,492555798.0
EU28,EU28,2005,494598322.0
EU28,EU28,2006,496436597.0
EU28,EU28,2007,498300775.0
EU28,EU28,2008,500297033.0
EU28,EU28,2009,502090235.0
EU28,EU28,2010,503170618.0
EU28,EU28,2011,502964837.0
EU28,EU28,2012,504047964.0
EU28,EU28,2013,505645272.0
EU28,EU28,2015,507778258.0
EU28,EU28,2016,509382312.0
EU28,EU28,2017,510514747.0
EU28,EU28,2018,511574952.0
EU28,EU28,2019,512797036.0
EU28,EU28,2020,514055566.0
FI,Finland,1960,4413046.0
FI,Finland,1961,4446222.0
FI,Finland,1962,4475787.0
FI,Finland,1963,4507098.0
FI,Finland,1964,4539519.0
FI,Finland,1965,4557567.0
FI,Finland,1966,4569896.0
FI,Finland,1967,4591842.0
FI,Finland,1968,4619645.0
FI,Finland,1969,4633292.0
FI,Finland,1970,4614277.0
FI,Finland,1971,4598336.0
FI,Finland,1972,4625912.0
FI,Finland,1973,4653401.0
FI,Finland,1974,4678761.0
FI,Finland,1975,4702387.0
FI,Finland,1976,4720492.0
FI,Finland,1977,4730836.0
FI,Finland,1978,4746967.0
FI,Finland,1979,4758088.0
FI,Finland,1980,4771292.0
FI,Finland,1981,4787778.0
FI,Finland,1982,4812150.0
FI,Finland,1983,4841715.0
FI,Finland,1984,4869858.0
FI,Finland,1985,4893748.0
FI,Finland,1986,4910664.0
FI,Finland,1987,4925644.0
FI,Finland,1988,4938602.0
FI,Finland,1989,4954359.0
FI,Finland,1990,4974383.0
FI,Finland,1991,4998478.0
FI,Finland,1992,5029002.0
FI,Finland,1993,5054982.0
FI,Finland,1994,5077912.0
FI,Finland,1995,5098754.0
FI,Finland,1996,5116826.0
FI,Finland,1997,5132320.0
FI,Finland,1998,5147349.0
FI,Finland,1999,5159646.0
FI,Finland,2000,5171302.0
FI,Finland,2001,5181115.0
FI,Finland,2002,5194901.0
FI,Finland,2003,5206295.0
FI,Finland,2004,5219732.0
FI,Finland,2005,5236611.0
FI,Finland,2006,5255580.0
FI,Finland,2007,5276955.0
FI,Finland,2008,5300484.0
FI,Finland,2009,5326314.0
FI,Finland,2010,5351427.0
FI,Finland,2011,5375276.0
FI,Finland,2012,5401267.0
FI,Finland,2013,5426674.0
FI,Finland,2014,5451270.0
FI,Finland,2015,5471753.0
FI,Finland,2016,5487308.0
FI,Finland,2017,5503297.0
FI,Finland,2018,5513130.0
FI,Finland,2019,5517919.0
FI,Finland,2020,5525292.0
FI,Finland,2021,5533793.0
FI,Finland,2022,5548241.0
FI,Finland,2023,5563970.0
FI,Finland,2024,5603851.0
FI,Finland,2025,5635971.0
FR,France,1991,58313439.0
FR,France,1992,58604851.0
FR,France,1993,58885929.0
FR,France,1994,59104320.0
FR,France,1995,59315139.0
FR,France,1996,59522297.0
FR,France,1997,59726386.0
FR,France,1998,59934884.0
FR,France,1999,60158533.0
FR,France,2000,60545022.0
FR,France,2001,60979315.0
FR,France,2002,61424036.0
FR,France,2003,61864088.0
FR,France,2004,62292241.0
FR,France,2005,62772870.0
FR,France,2006,63229635.0
FR,France,2007,63645065.0
FR,France,2008,64007193.0
FR,France,2009,64350226.0
FR,France,2010,64658856.0
FR,France,2011,64978721.0
FR,France,2012,65276983.0
FR,France,2013,65600350.0
FR,France,2014,66165980.0
FR,France,2015,66458153.0
FR,France,2016,66638391.0
FR,France,2017,66809816.0
FR,France,2018,67026224.0
FR,France,2019,67290471.0
FR,France,2020,67473651.0
FR,France,2021,67728568.0
FR,France,2022,68091703.0
FR,France,2023,68277210.0
FR,France,2024,68669303.0
FR,France,2025,68882600.0
FX,FX,1960,45464797.0
FX,FX,1961,45903656.0
FX,FX,1962,46422000.0
FX,FX,1963,47573406.0
FX,FX,1964,48059029.0
FX,FX,1965,48561800.0
FX,FX,1966,48953792.0
FX,FX,1967,49373537.0
FX,FX,1968,49723072.0
FX,FX,1969,50107735.0
FX,FX,1970,50528219.0
FX,FX,1971,51016234.0
FX,FX,1972,51485953.0
FX,FX,1973,51915873.0
FX,FX,1974,52320725.0
FX,FX,1975,52600000.0
FX,FX,1976,52798338.0
FX,FX,1977,53019005.0
FX,FX,1978,53271566.0
FX,FX,1979,53481073.0
FX,FX,1980,53731387.0
FX,FX,1981,54028630.0
FX,FX,1982,54335000.0
FX,FX,1983,54649984.0
FX,FX,1984,54894854.0
FX,FX,1985,55157303.0
FX,FX,1986,55411238.0
FX,FX,1987,55681780.0
FX,FX,1988,55966142.0
FX,FX,1989,56269810.0
FX,FX,1990,56577000.0
FX,FX,1991,56840661.0
FX,FX,1992,57110533.0
FX,FX,1993,57369161.0
FX,FX,1994,57565008.0
FX,FX,1995,57752535.0
FX,FX,1996,57935959.0
FX,FX,1997,58116018.0
FX,FX,1998,58298962.0
FX,FX,1999,58496613.0
FX,FX,2000,58858198.0
FX,FX,2001,59266572.0
FX,FX,2002,59685899.0
FX,FX,2003,60101841.0
FX,FX,2004,60505421.0
FX,FX,2005,60963264.0
FX,FX,2006,61399733.0
FX,FX,2007,61795238.0
FX,FX,2008,62134866.0
FX,FX,2009,62465709.0
FX,FX,2010,62765235.0
FX,FX,2011,63070344.0
FX,FX,2012,63375971.0
FX,FX,2013,63697865.0
GE,GE,2000,4435200.0
GE,GE,2001,4401400.0
GE,GE,2002,4371500.0
GE,GE,2003,4352600.0
GE,GE,2004,4315200.0
GE,GE,2005,4321500.0
GE,GE,2006,4401292.0
GE,GE,2007,4394702.0
GE,GE,2008,4382070.0
GE,GE,2009,4385429.0
GE,GE,2010,4436391.0
GE,GE,2011,4469250.0
GE,GE,2012,4497617.0
GE,GE,2014,4490498.0
GE,GE,2015,3729500.0
GE,GE,2016,3720400.0
GE,GE,2017,3718200.0
GE,GE,2018,3729633.0
GE,GE,2019,3723464.0
GE,GE,2020,3716858.0
GE,GE,2021,3728573.0
GE,GE,2022,3688647.0
GE,GE,2023,3736357.0
GE,GE,2024,3694608.0
GE,GE,2025,3704506.0
HR,Croatia,1960,4127422.0
HR,Croatia,1961,4152939.0
HR,Croatia,1962,4181645.0
HR,Croatia,1963,4211778.0
HR,Croatia,1964,4239572.0
HR,Croatia,1965,4266180.0
HR,Croatia,1966,4295665.0
HR,Croatia,1967,4325736.0
HR,Croatia,1968,4351629.0
HR,Croatia,1969,4379627.0
HR,Croatia,1970,4403352.0
HR,Croatia,1971,4421151.0
HR,Croatia,1972,4441399.0
HR,Croatia,1973,4459729.0
HR,Croatia,1974,4480592.0
HR,Croatia,1975,4500727.0
HR,Croatia,1976,4523436.0
HR,Croatia,1977,4548432.0
HR,Croatia,1978,4570709.0
HR,Croatia,1979,4591460.0
HR,Croatia,1980,4598095.0
HR,Croatia,1981,4601469.0
HR,Croatia,1982,4621548.0
HR,Croatia,1983,4646921.0
HR,Croatia,1984,4669587.0
HR,Croatia,1985,4690983.0
HR,Croatia,1986,4711852.0
HR,Croatia,1987,4731041.0
HR,Croatia,1988,4748450.0
HR,Croatia,1989,4761965.0
HR,Croatia,1990,4772556.0
HR,Croatia,1991,4782179.0
HR,Croatia,1992,4595865.0
HR,Croatia,1993,4555771.0
HR,Croatia,1994,4645155.0
HR,Croatia,1995,4658893.0
HR,Croatia,1996,4581167.0
HR,Croatia,1997,4533028.0
HR,Croatia,1998,4536812.0
HR,Croatia,1999,4527460.0
HR,Croatia,2000,4497735.0
HR,Croatia,2001,4295406.0
HR,Croatia,2002,4305494.0
HR,Croatia,2003,4305384.0
HR,Croatia,2004,4305725.0
HR,Croatia,2005,4310861.0
HR,Croatia,2006,4312487.0
HR,Croatia,2007,4313530.0
HR,Croatia,2008,4311967.0
HR,Croatia,2009,4309796.0
HR,Croatia,2010,4302847.0
HR,Croatia,2011,4289857.0
HR,Croatia,2012,4275984.0
HR,Croatia,2013,4247803.0
HR,Croatia,2014,4217632.0
HR,Croatia,2015,4180915.0
HR,Croatia,2016,4131115.0
HR,Croatia,2017,4078769.0
HR,Croatia,2018,4014341.0
HR,Croatia,2019,3968676.0
HR,Croatia,2020,3933511.0
HR,Croatia,2021,3893026.0
HR,Croatia,2022,3862305.0
HR,Croatia,2023,3850894.0
HR,Croatia,2024,3861967.0
HR,Croatia,2025,3874350.0
HU,Hungary,1960,9961044.0
HU,Hungary,1961,10005980.0
HU,Hungary,1962,10049935.0
HU,Hungary,1963,10071715.0
HU,Hungary,1964,10104179.0
HU,Hungary,1965,10135490.0
HU,Hungary,1966,10160380.0
HU,Hungary,1967,10196926.0
HU,Hungary,1968,10236282.0
HU,Hungary,1969,10275347.0
HU,Hungary,1970,10322099.0
HU,Hungary,1971,10353721.0
HU,Hungary,1972,10381352.0
HU,Hungary,1973,10415626.0
HU,Hungary,1974,10448484.0
HU,Hungary,1975,10508956.0
HU,Hungary,1976,10572094.0
HU,Hungary,1977,10625259.0
HU,Hungary,1978,10670802.0
HU,Hungary,1979,10698841.0
HU,Hungary,1980,10709463.0
HU,Hungary,1981,10712781.0
HU,Hungary,1982,10710914.0
HU,Hungary,1983,10700155.0
HU,Hungary,1984,10678770.0
HU,Hungary,1985,10657420.0
HU,Hungary,1986,10640006.0
HU,Hungary,1987,10621121.0
HU,Hungary,1988,10604360.0
HU,Hungary,1989,10588614.0
HU,Hungary,1990,10374823.0
HU,Hungary,1991,10373153.0
HU,Hungary,1992,10373647.0
HU,Hungary,1993,10365035.0
HU,Hungary,1994,10350010.0
HU,Hungary,1995,10336700.0
HU,Hungary,1996,10321229.0
HU,Hungary,1997,10301247.0
HU,Hungary,1998,10279724.0
HU,Hungary,1999,10253416.0
HU,Hungary,2000,10221644.0
HU,Hungary,2001,10200298.0
HU,Hungary,2002,10174853.0
HU,Hungary,2003,10142362.0
HU,Hungary,2004,10116742.0
HU,Hungary,2005,10097549.0
HU,Hungary,2006,10076581.0
HU,Hungary,2007,10066158.0
HU,Hungary,2008,10045401.0
HU,Hungary,2009,10030975.0
HU,Hungary,2010,10014324.0
HU,Hungary,2011,9985722.0
HU,Hungary,2012,9931925.0
HU,Hungary,2013,9895250.0
HU,Hungary,2014,9850217.0
HU,Hungary,2015,9815858.0
HU,Hungary,2016,9779652.0
HU,Hungary,2017,9739857.0
HU,Hungary,2018,9713655.0
HU,Hungary,2019,9700272.0
HU,Hungary,2020,9689376.0
HU,Hungary,2021,9651461.0
HU,Hungary,2022,9610403.0
HU,Hungary,2023,9599744.0
HU,Hungary,2024,9584627.0
HU,Hungary,2025,9539502.0
IE,Ireland,1960,2835500.0
IE,Ireland,1961,2821700.0
IE,Ireland,1962,2827100.0
IE,Ireland,1963,2845000.0
IE,Ireland,1964,2860300.0
IE,Ireland,1965,2872800.0
IE,Ireland,1966,2881800.0
IE,Ireland,1967,2895800.0
IE,Ireland,1968,2909100.0
IE,Ireland,1969,2922000.0
IE,Ireland,1970,2943300.0
IE,Ireland,1971,2971200.0
IE,Ireland,1972,3012900.0
IE,Ireland,1973,3060800.0
IE,Ireland,1974,3111100.0
IE,Ireland,1975,3163900.0
IE,Ireland,1976,3215200.0
IE,Ireland,1977,3260900.0
IE,Ireland,1978,3303500.0
IE,Ireland,1979,3354700.0
IE,Ireland,1980,3392800.0
IE,Ireland,1981,3432800.0
IE,Ireland,1982,3473200.0
IE,Ireland,1983,3498400.0
IE,Ireland,1984,3522800.0
IE,Ireland,1985,3542046.0
IE,Ireland,1986,3534117.0
IE,Ireland,1987,3545263.0
IE,Ireland,1988,3534850.0
IE,Ireland,1989,3515048.0
IE,Ireland,1990,3506970.0
IE,Ireland,1991,3520977.0
IE,Ireland,1992,3547492.0
IE,Ireland,1993,3569367.0
IE,Ireland,1994,3583154.0
IE,Ireland,1995,3597617.0
IE,Ireland,1996,3620065.0
IE,Ireland,1997,3654955.0
IE,Ireland,1998,3693386.0
IE,Ireland,1999,3732006.0
IE,Ireland,2000,3777565.0
IE,Ireland,2001,3832783.0
IE,Ireland,2002,3899702.0
IE,Ireland,2003,3964191.0
IE,Ireland,2004,4028851.0
IE,Ireland,2005,4111672.0
IE,Ireland,2006,4208156.0
IE,Ireland,2007,4340118.0
IE,Ireland,2008,4457765.0
IE,Ireland,2009,4521322.0
IE,Ireland,2010,4549428.0
IE,Ireland,2011,4570881.0
IE,Ireland,2012,4589287.0
IE,Ireland,2013,4609779.0
IE,Ireland,2014,4637852.0
IE,Ireland,2015,4677627.0
IE,Ireland,2016,4726286.0
IE,Ireland,2017,4799157.0
IE,Ireland,2018,4855733.0
IE,Ireland,2019,4940311.0
IE,Ireland,2020,5012600.0
IE,Ireland,2021,5066893.0
IE,Ireland,2022,5154277.0
IE,Ireland,2023,5271395.0
IE,Ireland,2024,5351681.0
IE,Ireland,2025,5440278.0
IS,Iceland,1960,173855.0
IS,Iceland,1961,177292.0
IS,Iceland,1962,180765.0
IS,Iceland,1963,183991.0
IS,Iceland,1964,187314.0
IS,Iceland,1965,190652.0
IS,Iceland,1966,193919.0
IS,Iceland,1967,197221.0
IS,Iceland,1968,200281.0
IS,Iceland,1969,202695.0
IS,Iceland,1970,204042.0
IS,Iceland,1971,204834.0
IS,Iceland,1972,207361.0
IS,Iceland,1973,210912.0
IS,Iceland,1974,213722.0
IS,Iceland,1975,216695.0
IS,Iceland,1976,219262.0
IS,Iceland,1977,221046.0
IS,Iceland,1978,222552.0
IS,Iceland,1979,224522.0
IS,Iceland,1980,226948.0
IS,Iceland,1981,229327.0
IS,Iceland,1982,232182.0
IS,Iceland,1983,235537.0
IS,Iceland,1984,238416.0
IS,Iceland,1985,240606.0
IS,Iceland,1986,242203.0
IS,Iceland,1987,244157.0
IS,Iceland,1988,247561.0
IS,Iceland,1989,251919.0
IS,Iceland,1990,253785.0
IS,Iceland,1991,255866.0
IS,Iceland,1992,259727.0
IS,Iceland,1993,262386.0
IS,Iceland,1994,265064.0
IS,Iceland,1995,266978.0
IS,Iceland,1996,267958.0
IS,Iceland,1997,269874.0
IS,Iceland,1998,272381.0
IS,Iceland,1999,275712.0
IS,Iceland,2000,279049.0
IS,Iceland,2001,283361.0
IS,Iceland,2002,286575.0
IS,Iceland,2003,288471.0
IS,Iceland,2004,290570.0
IS,Iceland,2005,293577.0
IS,Iceland,2006,299891.0
IS,Iceland,2007,307672.0
IS,Iceland,2008,315459.0
IS,Iceland,2009,319368.0
IS,Iceland,2010,317630.0
IS,Iceland,2011,318452.0
IS,Iceland,2012,319575.0
IS,Iceland,2013,321857.0
IS,Iceland,2014,325671.0
IS,Iceland,2015,329100.0
IS,Iceland,2016,332529.0
IS,Iceland,2017,338349.0
IS,Iceland,2018,348450.0
IS,Iceland,2019,356991.0
IS,Iceland,2020,364134.0
IS,Iceland,2021,368792.0
IS,Iceland,2022,376248.0
IS,Iceland,2023,387758.0
IS,Iceland,2024,383567.0
IS,Iceland,2025,389444.0
IT,Italy,1960,50025500.0
IT,Italy,1961,50373900.0
IT,Italy,1962,50698800.0
IT,Italy,1963,51060100.0
IT,Italy,1964,51443900.0
IT,Italy,1965,51906800.0
IT,Italy,1966,52317900.0
IT,Italy,1967,52720100.0
IT,Italy,1968,53080900.0
IT,Italy,1969,53390600.0
IT,Italy,1970,53685300.0
IT,Italy,1971,53958400.0
IT,Italy,1972,54188579.0
IT,Italy,1973,54574111.0
IT,Italy,1974,54928700.0
IT,Italy,1975,55293036.0
IT,Italy,1976,55588966.0
IT,Italy,1977,55847553.0
IT,Italy,1978,56063269.0
IT,Italy,1979,56247017.0
IT,Italy,1980,56388480.0
IT,Italy,1981,56479285.0
IT,Italy,1982,56524064.0
IT,Italy,1983,56563031.0
IT,Italy,1984,56565117.0
IT,Italy,1985,56588319.0
IT,Italy,1986,56597823.0
IT,Italy,1987,56594487.0
IT,Italy,1988,56609375.0
IT,Italy,1989,56649201.0
IT,Italy,1990,56694360.0
IT,Italy,1991,56744119.0
IT,Italy,1992,56772923.0
IT,Italy,1993,56821250.0
IT,Italy,1994,56842392.0
IT,Italy,1995,56844408.0
IT,Italy,1996,56844197.0
IT,Italy,1997,56876364.0
IT,Italy,1998,56904379.0
IT,Italy,1999,56909109.0
IT,Italy,2000,56923524.0
IT,Italy,2001,56960692.0
IT,Italy,2002,56993270.0
IT,Italy,2003,57186378.0
IT,Italy,2004,57611990.0
IT,Italy,2005,58044368.0
IT,Italy,2006,58288996.0
IT,Italy,2007,58510725.0
IT,Italy,2008,59001769.0
IT,Italy,2009,59420592.0
IT,Italy,2010,59690316.0
IT,Italy,2011,59948497.0
IT,Italy,2012,60105185.0
IT,Italy,2013,60277309.0
IT,Italy,2014,60345917.0
IT,Italy,2015,60295497.0
IT,Italy,2016,60163712.0
IT,Italy,2017,60066734.0
IT,Italy,2018,59937769.0
IT,Italy,2019,59816673.0
IT,Italy,2020,59641488.0
IT,Italy,2021,59236213.0
IT,Italy,2022,59030133.0
IT,Italy,2023,58997201.0
IT,Italy,2024,58971230.0
IT,Italy,2025,58943464.0
LI,Liechtenstein,1960,16274.0
LI,Liechtenstein,1961,16628.0
LI,Liechtenstein,1962,17125.0
LI,Liechtenstein,1963,17761.0
LI,Liechtenstein,1964,18425.0
LI,Liechtenstein,1965,19085.0
LI,Liechtenstein,1966,19304.0
LI,Liechtenstein,1967,19916.0
LI,Liechtenstein,1968,20433.0
LI,Liechtenstein,1969,21237.0
LI,Liechtenstein,1970,20930.0
LI,Liechtenstein,1971,21350.0
LI,Liechtenstein,1972,21850.0
LI,Liechtenstein,1973,22414.0
LI,Liechtenstein,1974,23156.0
LI,Liechtenstein,1975,23745.0
LI,Liechtenstein,1976,23947.0
LI,Liechtenstein,1977,24169.0
LI,Liechtenstein,1978,24715.0
LI,Liechtenstein,1979,25340.0
LI,Liechtenstein,1980,25809.0
LI,Liechtenstein,1981,25215.0
LI,Liechtenstein,1982,26130.0
LI,Liechtenstein,1983,26380.0
LI,Liechtenstein,1984,26512.0
LI,Liechtenstein,1985,26680.0
LI,Liechtenstein,1986,27076.0
LI,Liechtenstein,1987,27399.0
LI,Liechtenstein,1988,27714.0
LI,Liechtenstein,1989,28181.0
LI,Liechtenstein,1990,28452.0
LI,Liechtenstein,1991,29032.0
LI,Liechtenstein,1992,29386.0
LI,Liechtenstein,1993,29868.0
LI,Liechtenstein,1994,30310.0
LI,Liechtenstein,1995,30629.0
LI,Liechtenstein,1996,30923.0
LI,Liechtenstein,1997,31143.0
LI,Liechtenstein,1998,31320.0
LI,Liechtenstein,1999,32015.0
LI,Liechtenstein,2000,32426.0
LI,Liechtenstein,2001,32863.0
LI,Liechtenstein,2002,33525.0
LI,Liechtenstein,2003,33863.0
LI,Liechtenstein,2004,34294.0
LI,Liechtenstein,2005,34600.0
LI,Liechtenstein,2006,34905.0
LI,Liechtenstein,2007,35168.0
LI,Liechtenstein,2008,35356.0
LI,Liechtenstein,2009,35589.0
LI,Liechtenstein,2010,35894.0
LI,Liechtenstein,2011,36149.0
LI,Liechtenstein,2012,36475.0
LI,Liechtenstein,2013,36838.0
LI,Liechtenstein,2014,37129.0
LI,Liechtenstein,2015,37366.0
LI,Liechtenstein,2016,37622.0
LI,Liechtenstein,2017,37810.0
LI,Liechtenstein,2018,38114.0
LI,Liechtenstein,2019,38378.0
LI,Liechtenstein,2020,38747.0
LI,Liechtenstein,2021,39055.0
LI,Liechtenstein,2022,39308.0
LI,Liechtenstein,2023,39677.0
LI,Liechtenstein,2024,40015.0
LI,Liechtenstein,2025,40886.0
LT,Lithuania,1960,2755600.0
LT,Lithuania,1961,2801500.0
LT,Lithuania,1962,2845600.0
LT,Lithuania,1963,2881100.0
LT,Lithuania,1964,2916800.0
LT,Lithuania,1965,2953600.0
LT,Lithuania,1966,2989300.0
LT,Lithuania,1967,3026800.0
LT,Lithuania,1968,3062000.0
LT,Lithuania,1969,3095700.0
LT,Lithuania,1970,3118941.0
LT,Lithuania,1971,3160437.0
LT,Lithuania,1972,3197645.0
LT,Lithuania,1973,3229598.0
LT,Lithuania,1974,3259277.0
LT,Lithuania,1975,3288510.0
LT,Lithuania,1976,3314794.0
LT,Lithuania,1977,3342533.0
LT,Lithuania,1978,3367538.0
LT,Lithuania,1979,3391490.0
LT,Lithuania,1980,3404194.0
LT,Lithuania,1981,3422210.0
LT,Lithuania,1982,3443684.0
LT,Lithuania,1983,3470673.0
LT,Lithuania,1984,3499711.0
LT,Lithuania,1985,3528698.0
LT,Lithuania,1986,3560388.0
LT,Lithuania,1987,3597439.0
LT,Lithuania,1988,3635295.0
LT,Lithuania,1989,3674802.0
LT,Lithuania,1990,3693708.0
LT,Lithuania,1991,3701968.0
LT,Lithuania,1992,3706299.0
LT,Lithuania,1993,3693929.0
LT,Lithuania,1994,3671296.0
LT,Lithuania,1995,3642991.0
LT,Lithuania,1996,3615212.0
LT,Lithuania,1997,3588013.0
LT,Lithuania,1998,3562261.0
LT,Lithuania,1999,3536401.0
LT,Lithuania,2000,3512074.0
LT,Lithuania,2001,3486998.0
LT,Lithuania,2002,3454637.0
LT,Lithuania,2003,3431497.0
LT,Lithuania,2004,3398929.0
LT,Lithuania,2005,3355220.0
LT,Lithuania,2006,3289835.0
LT,Lithuania,2007,3249983.0
LT,Lithuania,2008,3212605.0
LT,Lithuania,2009,3183856.0
LT,Lithuania,2010,3141976.0
LT,Lithuania,2011,3052588.0
LT,Lithuania,2012,3003641.0
LT,Lithuania,2013,2974637.0
LT,Lithuania,2014,2947862.0
LT,Lithuania,2015,2926644.0
LT,Lithuania,2016,2895573.0
LT,Lithuania,2017,2859077.0
LT,Lithuania,2018,2826200.0
LT,Lithuania,2019,2812200.0
LT,Lithuania,2020,2809977.0
LT,Lithuania,2021,2810761.0
LT,Lithuania,2022,2805998.0
LT,Lithuania,2023,2857279.0
LT,Lithuania,2024,2885891.0
LT,Lithuania,2025,2890664.0
LU,Luxembourg,1960,313050.0
LU,Luxembourg,1961,314889.0
LU,Luxembourg,1962,318800.0
LU,Luxembourg,1963,322700.0
LU,Luxembourg,1964,325500.0
LU,Luxembourg,1965,330000.0
LU,Luxembourg,1966,333000.0
LU,Luxembourg,1967,334790.0
LU,Luxembourg,1968,335200.0
LU,Luxembourg,1969,336500.0
LU,Luxembourg,1970,338507.0
LU,Luxembourg,1971,339841.0
LU,Luxembourg,1972,345000.0
LU,Luxembourg,1973,348200.0
LU,Luxembourg,1974,352700.0
LU,Luxembourg,1975,357400.0
LU,Luxembourg,1976,360500.0
LU,Luxembourg,1977,360962.0
LU,Luxembourg,1978,361753.0
LU,Luxembourg,1979,362261.0
LU,Luxembourg,1980,363450.0
LU,Luxembourg,1981,364850.0
LU,Luxembourg,1982,365600.0
LU,Luxembourg,1983,365450.0
LU,Luxembourg,1984,365794.0
LU,Luxembourg,1985,366202.0
LU,Luxembourg,1986,367210.0
LU,Luxembourg,1987,369500.0
LU,Luxembourg,1988,372000.0
LU,Luxembourg,1989,374900.0
LU,Luxembourg,1990,379300.0
LU,Luxembourg,1991,384400.0
LU,Luxembourg,1992,389600.0
LU,Luxembourg,1993,394750.0
LU,Luxembourg,1994,400200.0
LU,Luxembourg,1995,405650.0
LU,Luxembourg,1996,411600.0
LU,Luxembourg,1997,416850.0
LU,Luxembourg,1998,422050.0
LU,Luxembourg,1999,427350.0
LU,Luxembourg,2000,433600.0
LU,Luxembourg,2001,439000.0
LU,Luxembourg,2002,444050.0
LU,Luxembourg,2003,448300.0
LU,Luxembourg,2004,454960.0
LU,Luxembourg,2005,461230.0
LU,Luxembourg,2006,469086.0
LU,Luxembourg,2007,476187.0
LU,Luxembourg,2008,483799.0
LU,Luxembourg,2009,493500.0
LU,Luxembourg,2010,502066.0
LU,Luxembourg,2011,511840.0
LU,Luxembourg,2012,524853.0
LU,Luxembourg,2013,537039.0
LU,Luxembourg,2014,549680.0
LU,Luxembourg,2015,562958.0
LU,Luxembourg,2016,576249.0
LU,Luxembourg,2017,590667.0
LU,Luxembourg,2018,602005.0
LU,Luxembourg,2019,613894.0
LU,Luxembourg,2020,626108.0
LU,Luxembourg,2021,634730.0
LU,Luxembourg,2022,645397.0
LU,Luxembourg,2023,660809.0
LU,Luxembourg,2024,672050.0
LU,Luxembourg,2025,681973.0
LV,Latvia,1960,2104128.0
LV,Latvia,1961,2137830.0
LV,Latvia,1962,2167531.0
LV,Latvia,1963,2195640.0
LV,Latvia,1964,2226198.0
LV,Latvia,1965,2255048.0
LV,Latvia,1966,2276789.0
LV,Latvia,1967,2289645.0
LV,Latvia,1968,2312795.0
LV,Latvia,1969,2334443.0
LV,Latvia,1970,2351903.0
LV,Latvia,1971,2366424.0
LV,Latvia,1972,2386353.0
LV,Latvia,1973,2404995.0
LV,Latvia,1974,2426642.0
LV,Latvia,1975,2447730.0
LV,Latvia,1976,2464529.0
LV,Latvia,1977,2477449.0
LV,Latvia,1978,2492697.0
LV,Latvia,1979,2503145.0
LV,Latvia,1980,2508761.0
LV,Latvia,1981,2514640.0
LV,Latvia,1982,2524202.0
LV,Latvia,1983,2537958.0
LV,Latvia,1984,2554063.0
LV,Latvia,1985,2570030.0
LV,Latvia,1986,2587716.0
LV,Latvia,1987,2612068.0
LV,Latvia,1988,2641097.0
LV,Latvia,1989,2665770.0
LV,Latvia,1990,2668140.0
LV,Latvia,1991,2658161.0
LV,Latvia,1992,2643000.0
LV,Latvia,1993,2585675.0
LV,Latvia,1994,2540904.0
LV,Latvia,1995,2500580.0
LV,Latvia,1996,2469531.0
LV,Latvia,1997,2444912.0
LV,Latvia,1998,2420789.0
LV,Latvia,1999,2399248.0
LV,Latvia,2000,2381715.0
LV,Latvia,2001,2353384.0
LV,Latvia,2002,2320956.0
LV,Latvia,2003,2299390.0
LV,Latvia,2004,2276520.0
LV,Latvia,2005,2249724.0
LV,Latvia,2006,2227874.0
LV,Latvia,2007,2208840.0
LV,Latvia,2008,2191810.0
LV,Latvia,2009,2162834.0
LV,Latvia,2010,2120504.0
LV,Latvia,2011,2074605.0
LV,Latvia,2012,2044813.0
LV,Latvia,2013,2023825.0
LV,Latvia,2014,2001468.0
LV,Latvia,2015,1986096.0
LV,Latvia,2016,1968957.0
LV,Latvia,2017,1950116.0
LV,Latvia,2018,1934379.0
LV,Latvia,2019,1919968.0
LV,Latvia,2020,1907675.0
LV,Latvia,2021,1893223.0
LV,Latvia,2022,1875757.0
LV,Latvia,2023,1895239.0
LV,Latvia,2024,1878575.0
LV,Latvia,2025,1860565.0
MC,MC,2004,32828.0
MC,MC,2005,33085.0
MC,MC,2024,38367.0
MC,MC,2025,38423.0
MD,MD,2000,3644070.0
MD,MD,2001,3635112.0
MD,MD,2002,3627812.0
MD,MD,2003,3618312.0
MD,MD,2004,3607435.0
MD,MD,2005,3600436.0
MD,MD,2006,3589936.0
MD,MD,2007,3581110.0
MD,MD,2008,3572703.0
MD,MD,2009,3567512.0
MD,MD,2010,3563695.0
MD,MD,2011,3560430.0
MD,MD,2012,3559541.0
MD,MD,2013,3559497.0
MD,MD,2014,3557634.0
MD,MD,2015,2869302.0
MD,MD,2016,2846327.0
MD,MD,2017,2825628.0
MD,MD,2018,2780744.0
MD,MD,2019,2729634.0
MD,MD,2020,2684772.0
MD,MD,2021,2643675.0
MD,MD,2022,2565030.0
MD,MD,2023,2512758.0
MD,MD,2024,2423287.0
MD,MD,2025,2415549.0
ME,ME,2000,603152.0
ME,ME,2001,605988.0
ME,ME,2002,608460.0
ME,ME,2003,610510.0
ME,ME,2004,612214.0
ME,ME,2005,613420.0
ME,ME,2006,613109.0
ME,ME,2007,614624.0
ME,ME,2008,615543.0
ME,ME,2009,617157.0
ME,ME,2010,619001.0
ME,ME,2011,619850.0
ME,ME,2012,620308.0
ME,ME,2013,620893.0
ME,ME,2014,621521.0
ME,ME,2015,622099.0
ME,ME,2016,622218.0
ME,ME,2017,622387.0
ME,ME,2018,622359.0
ME,ME,2019,622182.0
ME,ME,2020,621873.0
ME,ME,2021,620739.0
ME,ME,2022,617683.0
ME,ME,2023,616695.0
ME,ME,2024,623680.0
ME,ME,2025,623327.0
MK,MK,1960,1384451.0
MK,MK,1961,1399403.0
MK,MK,1962,1417200.0
MK,MK,1963,1438342.0
MK,MK,1964,1461522.0
MK,MK,1965,1486469.0
MK,MK,1966,1512988.0
MK,MK,1967,1538694.0
MK,MK,1968,1562211.0
MK,MK,1969,1589217.0
MK,MK,1970,1616769.0
MK,MK,1971,1641353.0
MK,MK,1972,1666798.0
MK,MK,1973,1692113.0
MK,MK,1974,1717090.0
MK,MK,1975,1742780.0
MK,MK,1976,1769890.0
MK,MK,1977,1797145.0
MK,MK,1978,1823151.0
MK,MK,1979,1849388.0
MK,MK,1980,1878067.0
MK,MK,1981,1904570.0
MK,MK,1982,1928856.0
MK,MK,1983,1954972.0
MK,MK,1984,1980139.0
MK,MK,1985,2004709.0
MK,MK,1986,2029175.0
MK,MK,1987,2052953.0
MK,MK,1988,2077056.0
MK,MK,1989,2100246.0
MK,MK,1990,1873109.0
MK,MK,1991,1890872.0
MK,MK,1992,1908941.0
MK,MK,1993,2061000.0
MK,MK,1994,1936741.0
MK,MK,1995,1957265.0
MK,MK,1996,1971687.0
MK,MK,1997,1991398.0
MK,MK,1998,2002340.0
MK,MK,1999,2012705.0
MK,MK,2000,2021578.0
MK,MK,2001,2031112.0
MK,MK,2002,2038651.0
MK,MK,2003,2023654.0
MK,MK,2004,2029892.0
MK,MK,2005,2035196.0
MK,MK,2006,2038514.0
MK,MK,2007,2041941.0
MK,MK,2008,2045177.0
MK,MK,2009,2048619.0
MK,MK,2010,2052722.0
MK,MK,2011,2057284.0
MK,MK,2012,2059794.0
MK,MK,2013,2062294.0
MK,MK,2014,2065769.0
MK,MK,2015,2069172.0
MK,MK,2016,2071278.0
MK,MK,2017,2073702.0
MK,MK,2018,2075301.0
MK,MK,2019,2077132.0
MK,MK,2020,2076255.0
MK,MK,2021,2068808.0
MK,MK,2022,1837114.0
MK,MK,2023,1829954.0
MK,MK,2024,1826247.0
MK,MK,2025,1822612.0
MT,Malta,1960,327200.0
MT,Malta,1965,320600.0
MT,Malta,1970,302500.0
MT,Malta,1971,302800.0
MT,Malta,1975,301892.0
MT,Malta,1976,306551.0
MT,Malta,1977,304997.0
MT,Malta,1978,308942.0
MT,Malta,1979,311421.0
MT,Malta,1980,315262.0
MT,Malta,1981,318028.0
MT,Malta,1982,319936.0
MT,Malta,1983,331859.0
MT,Malta,1984,329189.0
MT,Malta,1985,331997.0
MT,Malta,1986,340907.0
MT,Malta,1987,343334.0
MT,Malta,1988,345636.0
MT,Malta,1989,349014.0
MT,Malta,1990,352430.0
MT,Malta,1991,361908.0
MT,Malta,1992,365781.0
MT,Malta,1993,369455.0
MT,Malta,1994,373161.0
MT,Malta,1995,376433.0
MT,Malta,1996,378404.0
MT,Malta,1997,381405.0
MT,Malta,1998,384176.0
MT,Malta,1999,386397.0
MT,Malta,2000,388759.0
MT,Malta,2001,391415.0
MT,Malta,2002,394641.0
MT,Malta,2003,397296.0
MT,Malta,2004,399867.0
MT,Malta,2005,402668.0
MT,Malta,2006,404999.0
MT,Malta,2007,405616.0
MT,Malta,2008,407832.0
MT,Malta,2009,410926.0
MT,Malta,2010,414027.0
MT,Malta,2011,414989.0
MT,Malta,2012,417546.0
MT,Malta,2013,421464.0
MT,Malta,2014,428156.0
MT,Malta,2015,438805.0
MT,Malta,2016,449635.0
MT,Malta,2017,459375.0
MT,Malta,2018,474837.0
MT,Malta,2019,492968.0
MT,Malta,2020,514855.0
MT,Malta,2021,516125.0
MT,Malta,2022,520174.0
MT,Malta,2023,542051.0
MT,Malta,2024,563443.0
MT,Malta,2025,574250.0
NL,Netherlands,1960,11417254.0
NL,Netherlands,1961,11556008.0
NL,Netherlands,1962,11721416.0
NL,Netherlands,1963,11889962.0
NL,Netherlands,1964,12041970.0
NL,Netherlands,1965,12212269.0
NL,Netherlands,1966,12377194.0
NL,Netherlands,1967,12535307.0
NL,Netherlands,1968,12661095.0
NL,Netherlands,1969,12798346.0
NL,Netherlands,1970,12957621.0
NL,Netherlands,1971,13119430.0
NL,Netherlands,1972,13269563.0
NL,Netherlands,1973,13387623.0
NL,Netherlands,1974,13491020.0
NL,Netherlands,1975,13599092.0
NL,Netherlands,1976,13733578.0
NL,Netherlands,1977,13814495.0
NL,Netherlands,1978,13897874.0
NL,Netherlands,1979,13985526.0
NL,Netherlands,1980,14091014.0
NL,Netherlands,1981,14208586.0
NL,Netherlands,1982,14285829.0
NL,Netherlands,1983,14339551.0
NL,Netherlands,1984,14394589.0
NL,Netherlands,1985,14453833.0
NL,Netherlands,1986,14529430.0
NL,Netherlands,1987,14615125.0
NL,Netherlands,1988,14714948.0
NL,Netherlands,1989,14805240.0
NL,Netherlands,1990,14892574.0
NL,Netherlands,1991,15010445.0
NL,Netherlands,1992,15129150.0
NL,Netherlands,1993,15239182.0
NL,Netherlands,1994,15341553.0
NL,Netherlands,1995,15424122.0
NL,Netherlands,1996,15493889.0
NL,Netherlands,1997,15567107.0
NL,Netherlands,1998,15654192.0
NL,Netherlands,1999,15760225.0
NL,Netherlands,2000,15863950.0
NL,Netherlands,2001,15987075.0
NL,Netherlands,2002,16105285.0
NL,Netherlands,2003,16192572.0
NL,Netherlands,2004,16258032.0
NL,Netherlands,2005,16305526.0
NL,Netherlands,2006,16334210.0
NL,Netherlands,2007,16357992.0
NL,Netherlands,2008,16405399.0
NL,Netherlands,2009,16485787.0
NL,Netherlands,2010,16574989.0
NL,Netherlands,2011,16655799.0
NL,Netherlands,2012,16730348.0
NL,Netherlands,2013,16779575.0
NL,Netherlands,2014,16829289.0
NL,Netherlands,2015,16900726.0
NL,Netherlands,2016,16979120.0
NL,Netherlands,2017,17081507.0
NL,Netherlands,2018,17181084.0
NL,Netherlands,2019,17282163.0
NL,Netherlands,2020,17407585.0
NL,Netherlands,2021,17475415.0
NL,Netherlands,2022,17590672.0
NL,Netherlands,2023,17811291.0
NL,Netherlands,2024,17942942.0
NL,Netherlands,2025,18044027.0
NO,Norway,1960,3567707.0
NO,Norway,1961,3594771.0
NO,Norway,1962,3624829.0
NO,Norway,1963,3653006.0
NO,Norway,1964,3680068.0
NO,Norway,1965,3708609.0
NO,Norway,1966,3737726.0
NO,Norway,1967,3768298.0
NO,Norway,1968,3800780.0
NO,Norway,1969,3832192.0
NO,Norway,1970,3863221.0
NO,Norway,1971,3888305.0
NO,Norway,1972,3917773.0
NO,Norway,1973,3948234.0
NO,Norway,1974,3972990.0
NO,Norway,1975,3997525.0
NO,Norway,1976,4017101.0
NO,Norway,1977,4035202.0
NO,Norway,1978,4051208.0
NO,Norway,1979,4066134.0
NO,Norway,1980,4078900.0
NO,Norway,1981,4092340.0
NO,Norway,1982,4107063.0
NO,Norway,1983,4122511.0
NO,Norway,1984,4134353.0
NO,Norway,1985,4145845.0
NO,Norway,1986,4159187.0
NO,Norway,1987,4175521.0
NO,Norway,1988,4198289.0
NO,Norway,1989,4220686.0
NO,Norway,1990,4233116.0
NO,Norway,1991,4249830.0
NO,Norway,1992,4273634.0
NO,Norway,1993,4299167.0
NO,Norway,1994,4324815.0
NO,Norway,1995,4348410.0
NO,Norway,1996,4369957.0
NO,Norway,1997,4392714.0
NO,Norway,1998,4417599.0
NO,Norway,1999,4445329.0
NO,Norway,2000,4478497.0
NO,Norway,2001,4503436.0
NO,Norway,2002,4524066.0
NO,Norway,2003,4552252.0
NO,Norway,2004,4577457.0
NO,Norway,2005,4606363.0
NO,Norway,2006,4640219.0
NO,Norway,2007,4681134.0
NO,Norway,2008,4737171.0
NO,Norway,2009,4799252.0
NO,Norway,2010,4858199.0
NO,Norway,2011,4920305.0
NO,Norway,2012,4985870.0
NO,Norway,2013,5051275.0
NO,Norway,2014,5109056.0
NO,Norway,2015,5165802.0
NO,Norway,2016,5213985.0
NO,Norway,2017,5258317.0
NO,Norway,2018,5295619.0
NO,Norway,2019,5328212.0
NO,Norway,2020,5367580.0
NO,Norway,2021,5391369.0
NO,Norway,2022,5425270.0
NO,Norway,2023,5488984.0
NO,Norway,2024,5550203.0
NO,Norway,2025,5594340.0
PL,Poland,1960,29479900.0
PL,Poland,1961,29795000.0
PL,Poland,1962,30133000.0
PL,Poland,1963,30484000.0
PL,Poland,1964,30940000.0
PL,Poland,1965,31338900.0
PL,Poland,1966,31551000.0
PL,Poland,1967,31811000.0
PL,Poland,1968,32163310.0
PL,Poland,1969,32426000.0
PL,Poland,1970,32670600.0
PL,Poland,1971,32658000.0
PL,Poland,1972,32909000.0
PL,Poland,1973,33202300.0
PL,Poland,1974,33512100.0
PL,Poland,1975,33845698.0
PL,Poland,1976,34184700.0
PL,Poland,1977,34527900.0
PL,Poland,1978,34850200.0
PL,Poland,1979,35081000.0
PL,Poland,1980,35413434.0
PL,Poland,1981,35734865.0
PL,Poland,1982,36062309.0
PL,Poland,1983,36398652.0
PL,Poland,1984,36744964.0
PL,Poland,1985,37063303.0
PL,Poland,1986,37340467.0
PL,Poland,1987,37571771.0
PL,Poland,1988,37764318.0
PL,Poland,1989,37884655.0
PL,Poland,1990,38038403.0
PL,Poland,1991,38183160.0
PL,Poland,1992,38309226.0
PL,Poland,1993,38418108.0
PL,Poland,1994,38504707.0
PL,Poland,1995,38580597.0
PL,Poland,1996,38609399.0
PL,Poland,1997,38639341.0
PL,Poland,1998,38659979.0
PL,Poland,1999,38666983.0
PL,Poland,2000,38263303.0
PL,Poland,2001,38253955.0
PL,Poland,2002,38242197.0
PL,Poland,2003,38218531.0
PL,Poland,2004,38190608.0
PL,Poland,2005,38173835.0
PL,Poland,2006,38157055.0
PL,Poland,2007,38125479.0
PL,Poland,2008,38115641.0
PL,Poland,2009,38135876.0
PL,Poland,2010,38022869.0
PL,Poland,2011,38062718.0
PL,Poland,2012,38063792.0
PL,Poland,2013,38062535.0
PL,Poland,2014,38017856.0
PL,Poland,2015,38005614.0
PL,Poland,2016,37967209.0
PL,Poland,2017,37972964.0
PL,Poland,2018,37976687.0
PL,Poland,2019,37972812.0
PL,Poland,2020,37958138.0
PL,Poland,2021,37073357.0
PL,Poland,2022,36889761.0
PL,Poland,2023,36753736.0
PL,Poland,2024,36620970.0
PL,Poland,2025,36497495.0
PT,Portugal,1960,8826040.0
PT,Portugal,1961,8889392.0
PT,Portugal,1962,8969240.0
PT,Portugal,1963,9018730.0
PT,Portugal,1964,9041980.0
PT,Portugal,1965,9028750.0
PT,Portugal,1966,8968440.0
PT,Portugal,1967,8893540.0
PT,Portugal,1968,8855500.0
PT,Portugal,1969,8817800.0
PT,Portugal,1970,8697610.0
PT,Portugal,1971,8663252.0
PT,Portugal,1972,8624260.0
PT,Portugal,1973,8636600.0
PT,Portugal,1974,8629600.0
PT,Portugal,1975,8879130.0
PT,Portugal,1976,9307810.0
PT,Portugal,1977,9403810.0
PT,Portugal,1978,9507540.0
PT,Portugal,1979,9608960.0
PT,Portugal,1980,9713570.0
PT,Portugal,1981,9819054.0
PT,Portugal,1982,9883670.0
PT,Portugal,1983,9939871.0
PT,Portugal,1984,9975859.0
PT,Portugal,1985,10016605.0
PT,Portugal,1986,10030621.0
PT,Portugal,1987,10034846.0
PT,Portugal,1988,10025215.0
PT,Portugal,1989,10014005.0
PT,Portugal,1990,9995995.0
PT,Portugal,1991,9970441.0
PT,Portugal,1992,9950029.0
PT,Portugal,1993,9954958.0
PT,Portugal,1994,9974391.0
PT,Portugal,1995,10008659.0
PT,Portugal,1996,10043693.0
PT,Portugal,1997,10084196.0
PT,Portugal,1998,10133758.0
PT,Portugal,1999,10186634.0
PT,Portugal,2000,10249022.0
PT,Portugal,2001,10330774.0
PT,Portugal,2002,10394669.0
PT,Portugal,2003,10444592.0
PT,Portugal,2004,10473050.0
PT,Portugal,2005,10494672.0
PT,Portugal,2006,10511988.0
PT,Portugal,2007,10532588.0
PT,Portugal,2008,10553339.0
PT,Portugal,2009,10563014.0
PT,Portugal,2010,10573479.0
PT,Portugal,2011,10572721.0
PT,Portugal,2012,10558950.0
PT,Portugal,2013,10503889.0
PT,Portugal,2014,10444092.0
PT,Portugal,2015,10395121.0
PT,Portugal,2016,10368554.0
PT,Portugal,2017,10344478.0
PT,Portugal,2018,10335770.0
PT,Portugal,2019,10333496.0
PT,Portugal,2020,10375395.0
PT,Portugal,2021,10394297.0
PT,Portugal,2022,10421117.0
PT,Portugal,2023,10516621.0
PT,Portugal,2024,10639726.0
PT,Portugal,2025,10749635.0
RO,Romania,1960,18319210.0
RO,Romania,1961,18494600.0
RO,Romania,1962,18615900.0
RO,Romania,1963,18737200.0
RO,Romania,1964,18858500.0
RO,Romania,1965,18979752.0
RO,Romania,1966,19083400.0
RO,Romania,1967,19347500.0
RO,Romania,1968,19720984.0
RO,Romania,1969,19878678.0
RO,Romania,1970,20139603.0
RO,Romania,1971,20361192.0
RO,Romania,1972,20561942.0
RO,Romania,1973,20753972.0
RO,Romania,1974,20917390.0
RO,Romania,1975,21141468.0
RO,Romania,1976,21445698.0
RO,Romania,1977,21657569.0
RO,Romania,1978,21854622.0
RO,Romania,1979,22048305.0
RO,Romania,1980,22132670.0
RO,Romania,1981,22281894.0
RO,Romania,1982,22424246.0
RO,Romania,1983,22527235.0
RO,Romania,1984,22593720.0
RO,Romania,1985,22687374.0
RO,Romania,1986,22778624.0
RO,Romania,1987,22895058.0
RO,Romania,1988,23003802.0
RO,Romania,1989,23111521.0
RO,Romania,1990,23211395.0
RO,Romania,1991,23192274.0
RO,Romania,1992,22810035.0
RO,Romania,1993,22778533.0
RO,Romania,1994,22748027.0
RO,Romania,1995,22712394.0
RO,Romania,1996,22656145.0
RO,Romania,1997,22581862.0
RO,Romania,1998,22526093.0
RO,Romania,1999,22488595.0
RO,Romania,2000,22455485.0
RO,Romania,2001,22430457.0
RO,Romania,2002,21833483.0
RO,Romania,2003,21627509.0
RO,Romania,2004,21521142.0
RO,Romania,2005,21382354.0
RO,Romania,2006,21257016.0
RO,Romania,2007,21130503.0
RO,Romania,2008,20635460.0
RO,Romania,2009,20440290.0
RO,Romania,2010,20294683.0
RO,Romania,2011,20199059.0
RO,Romania,2012,20095996.0
RO,Romania,2013,20020074.0
RO,Romania,2014,19947311.0
RO,Romania,2015,19870647.0
RO,Romania,2016,19760585.0
RO,Romania,2017,19643949.0
RO,Romania,2018,19533481.0
RO,Romania,2019,19414458.0
RO,Romania,2020,19328838.0
RO,Romania,2021,19201662.0
RO,Romania,2022,19043098.0
RO,Romania,2023,19055228.0
RO,Romania,2024,19067576.0
RO,Romania,2025,19043151.0
RS,RS,1999,7552850.0
RS,RS,2000,7527952.0
RS,RS,2001,7504739.0
RS,RS,2002,7502126.0
RS,RS,2003,7490918.0
RS,RS,2004,7470263.0
RS,RS,2005,7456050.0
RS,RS,2006,7425487.0
RS,RS,2007,7397651.0
RS,RS,2008,7365507.0
RS,RS,2009,7334937.0
RS,RS,2010,7306677.0
RS,RS,2011,7251549.0
RS,RS,2012,7216649.0
RS,RS,2013,7181505.0
RS,RS,2014,7146759.0
RS,RS,2015,7114393.0
RS,RS,2016,7076372.0
RS,RS,2017,7040272.0
RS,RS,2018,7001444.0
RS,RS,2019,6963764.0
RS,RS,2020,6926705.0
RS,RS,2021,6871547.0
RS,RS,2022,6797105.0
RS,RS,2023,6641197.0
RS,RS,2024,6605168.0
RS,RS,2025,6567783.0
RU,RU,2000,146890128.0
RU,RU,2001,146303611.0
RU,RU,2002,145649334.0
RU,RU,2003,145166731.0
RU,RU,2004,144168205.0
RU,RU,2005,143474219.0
RU,RU,2006,142753551.0
RU,RU,2007,142220968.0
RU,RU,2008,142008838.0
RU,RU,2009,141903979.0
RU,RU,2010,141914509.0
RU,RU,2011,142856536.0
RU,RU,2012,143056383.0
RU,RU,2014,143666931.0
SE,Sweden,1960,7471345.0
SE,Sweden,1961,7497967.0
SE,Sweden,1962,7542028.0
SE,Sweden,1963,7581148.0
SE,Sweden,1964,7627507.0
SE,Sweden,1965,7695200.0
SE,Sweden,1966,7772506.0
SE,Sweden,1967,7843088.0
SE,Sweden,1968,7892774.0
SE,Sweden,1969,7931772.0
SE,Sweden,1970,8004371.0
SE,Sweden,1971,8081230.0
SE,Sweden,1972,8115438.0
SE,Sweden,1973,8129161.0
SE,Sweden,1974,8143463.0
SE,Sweden,1975,8176447.0
SE,Sweden,1976,8208427.0
SE,Sweden,1977,8236144.0
SE,Sweden,1978,8266936.0
SE,Sweden,1979,8284261.0
SE,Sweden,1980,8303094.0
SE,Sweden,1981,8317967.0
SE,Sweden,1982,8323038.0
SE,Sweden,1983,8327488.0
SE,Sweden,1984,8330577.0
SE,Sweden,1985,8342633.0
SE,Sweden,1986,8358139.0
SE,Sweden,1987,8381519.0
SE,Sweden,1988,8414089.0
SE,Sweden,1989,8458888.0
SE,Sweden,1990,8527039.0
SE,Sweden,1991,8590630.0
SE,Sweden,1992,8644120.0
SE,Sweden,1993,8692013.0
SE,Sweden,1994,8745109.0
SE,Sweden,1995,8816381.0
SE,Sweden,1996,8837496.0
SE,Sweden,1997,8844499.0
SE,Sweden,1998,8847625.0
SE,Sweden,1999,8854322.0
SE,Sweden,2000,8861426.0
SE,Sweden,2001,8882792.0
SE,Sweden,2002,8909128.0
SE,Sweden,2003,8940788.0
SE,Sweden,2004,8975670.0
SE,Sweden,2005,9011392.0
SE,Sweden,2006,9047752.0
SE,Sweden,2007,9113257.0
SE,Sweden,2008,9182927.0
SE,Sweden,2009,9256347.0
SE,Sweden,2010,9340682.0
SE,Sweden,2011,9415570.0
SE,Sweden,2012,9482855.0
SE,Sweden,2013,9555893.0
SE,Sweden,2014,9644864.0
SE,Sweden,2015,9747355.0
SE,Sweden,2016,9851017.0
SE,Sweden,2017,9995153.0
SE,Sweden,2018,10120242.0
SE,Sweden,2019,10230185.0
SE,Sweden,2020,10327589.0
SE,Sweden,2021,10379295.0
SE,Sweden,2022,10452326.0
SE,Sweden,2023,10521556.0
SE,Sweden,2024,10551707.0
SE,Sweden,2025,10587710.0
SI,Slovenia,1960,1580535.0
SI,Slovenia,1961,1588904.0
SI,Slovenia,1962,1599357.0
SI,Slovenia,1963,1607941.0
SI,Slovenia,1964,1626000.0
SI,Slovenia,1965,1638227.0
SI,Slovenia,1966,1660092.0
SI,Slovenia,1967,1679717.0
SI,Slovenia,1968,1699339.0
SI,Slovenia,1969,1709752.0
SI,Slovenia,1970,1717995.0
SI,Slovenia,1971,1731787.0
SI,Slovenia,1972,1744882.0
SI,Slovenia,1973,1759584.0
SI,Slovenia,1974,1773809.0
SI,Slovenia,1975,1778454.0
SI,Slovenia,1976,1808707.0
SI,Slovenia,1977,1831790.0
SI,Slovenia,1978,1852963.0
SI,Slovenia,1979,1872133.0
SI,Slovenia,1980,1893064.0
SI,Slovenia,1981,1909566.0
SI,Slovenia,1982,1903495.0
SI,Slovenia,1983,1917173.0
SI,Slovenia,1984,1927469.0
SI,Slovenia,1985,1936839.0
SI,Slovenia,1986,1946442.0
SI,Slovenia,1987,1985486.0
SI,Slovenia,1988,1994066.0
SI,Slovenia,1989,1996325.0
SI,Slovenia,1990,1996377.0
SI,Slovenia,1991,1999945.0
SI,Slovenia,1992,1998912.0
SI,Slovenia,1993,1994084.0
SI,Slovenia,1994,1989408.0
SI,Slovenia,1995,1989477.0
SI,Slovenia,1996,1990266.0
SI,Slovenia,1997,1986989.0
SI,Slovenia,1998,1984923.0
SI,Slovenia,1999,1978334.0
SI,Slovenia,2000,1987755.0
SI,Slovenia,2001,1990094.0
SI,Slovenia,2002,1994026.0
SI,Slovenia,2003,1995033.0
SI,Slovenia,2004,1996433.0
SI,Slovenia,2005,1997590.0
SI,Slovenia,2006,2003358.0
SI,Slovenia,2007,2010377.0
SI,Slovenia,2008,2010269.0
SI,Slovenia,2009,2032362.0
SI,Slovenia,2010,2046976.0
SI,Slovenia,2011,2050189.0
SI,Slovenia,2012,2055496.0
SI,Slovenia,2013,2058821.0
SI,Slovenia,2014,2061085.0
SI,Slovenia,2015,2062874.0
SI,Slovenia,2016,2064188.0
SI,Slovenia,2017,2065895.0
SI,Slovenia,2018,2066880.0
SI,Slovenia,2019,2080908.0
SI,Slovenia,2020,2095861.0
SI,Slovenia,2021,2108977.0
SI,Slovenia,2022,2107180.0
SI,Slovenia,2023,2116972.0
SI,Slovenia,2024,2123949.0
SI,Slovenia,2025,2130850.0
SK,Slovakia,1960,3969682.0
SK,Slovakia,1961,4166507.0
SK,Slovakia,1962,4216827.0
SK,Slovakia,1963,4259549.0
SK,Slovakia,1964,4304484.0
SK,Slovakia,1965,4350198.0
SK,Slovakia,1966,4391768.0
SK,Slovakia,1967,4431564.0
SK,Slovakia,1968,4467170.0
SK,Slovakia,1969,4500659.0
SK,Slovakia,1970,4536555.0
SK,Slovakia,1971,4539890.0
SK,Slovakia,1972,4575007.0
SK,Slovakia,1973,4618236.0
SK,Slovakia,1974,4664653.0
SK,Slovakia,1975,4714593.0
SK,Slovakia,1976,4763617.0
SK,Slovakia,1977,4815396.0
SK,Slovakia,1978,4865605.0
SK,Slovakia,1979,4914644.0
SK,Slovakia,1980,4963301.0
SK,Slovakia,1981,4996329.0
SK,Slovakia,1982,5035881.0
SK,Slovakia,1983,5074316.0
SK,Slovakia,1984,5109626.0
SK,Slovakia,1985,5144568.0
SK,Slovakia,1986,5178967.0
SK,Slovakia,1987,5208708.0
SK,Slovakia,1988,5236972.0
SK,Slovakia,1989,5264220.0
SK,Slovakia,1990,5287663.0
SK,Slovakia,1991,5310711.0
SK,Slovakia,1992,5295877.0
SK,Slovakia,1993,5314155.0
SK,Slovakia,1994,5336455.0
SK,Slovakia,1995,5356207.0
SK,Slovakia,1996,5367790.0
SK,Slovakia,1997,5378932.0
SK,Slovakia,1998,5387650.0
SK,Slovakia,1999,5393382.0
SK,Slovakia,2000,5398657.0
SK,Slovakia,2001,5378783.0
SK,Slovakia,2002,5378951.0
SK,Slovakia,2003,5374873.0
SK,Slovakia,2004,5371875.0
SK,Slovakia,2005,5372685.0
SK,Slovakia,2006,5372928.0
SK,Slovakia,2007,5373180.0
SK,Slovakia,2008,5376064.0
SK,Slovakia,2009,5382401.0
SK,Slovakia,2010,5390410.0
SK,Slovakia,2011,5392446.0
SK,Slovakia,2012,5404322.0
SK,Slovakia,2013,5410836.0
SK,Slovakia,2014,5415949.0
SK,Slovakia,2015,5421349.0
SK,Slovakia,2016,5426252.0
SK,Slovakia,2017,5435343.0
SK,Slovakia,2018,5443120.0
SK,Slovakia,2019,5450421.0
SK,Slovakia,2020,5457873.0
SK,Slovakia,2021,5459781.0
SK,Slovakia,2022,5434712.0
SK,Slovakia,2023,5428792.0
SK,Slovakia,2024,5424687.0
SK,Slovakia,2025,5419451.0
SM,SM,2004,29241.0
SM,SM,2005,29673.0
SM,SM,2006,29999.0
SM,SM,2007,30368.0
SM,SM,2008,32054.0
SM,SM,2009,31269.0
SM,SM,2011,31863.0
SM,SM,2012,33376.0
SM,SM,2013,33562.0
SM,SM,2018,34453.0
TR,TR,1960,27119962.0
TR,TR,1961,27755078.0
TR,TR,1962,28435197.0
TR,TR,1963,29162545.0
TR,TR,1964,29939582.0
TR,TR,1965,30769013.0
TR,TR,1966,31499416.0
TR,TR,1967,32273630.0
TR,TR,1968,33093700.0
TR,TR,1969,33961875.0
TR,TR,1970,34880611.0
TR,TR,1971,35707058.0
TR,TR,1972,36582215.0
TR,TR,1973,37508880.0
TR,TR,1974,38490106.0
TR,TR,1975,39529218.0
TR,TR,1976,40281507.0
TR,TR,1977,41102443.0
TR,TR,1978,41996129.0
TR,TR,1979,42967253.0
TR,TR,1980,44021146.0
TR,TR,1981,45023450.0
TR,TR,1982,46085508.0
TR,TR,1983,47210448.0
TR,TR,1984,48401689.0
TR,TR,1985,49662958.0
TR,TR,1986,50695548.0
TR,TR,1987,51791212.0
TR,TR,1988,52953586.0
TR,TR,1989,54186642.0
TR,TR,1990,55494711.0
TR,TR,1991,56714051.0
TR,TR,1992,57835076.0
TR,TR,1993,58958565.0
TR,TR,1994,60079060.0
TR,TR,1995,61203584.0
TR,TR,1996,62337617.0
TR,TR,1997,63484661.0
TR,TR,1998,64641675.0
TR,TR,1999,65786563.0
TR,TR,2000,66889425.0
TR,TR,2001,64729501.0
TR,TR,2002,65603160.0
TR,TR,2003,66401851.0
TR,TR,2004,67187251.0
TR,TR,2005,68010221.0
TR,TR,2006,68860539.0
TR,TR,2007,69729967.0
TR,TR,2008,70586256.0
TR,TR,2009,71517100.0
TR,TR,2010,72561312.0
TR,TR,2011,73722988.0
TR,TR,2012,74724269.0
TR,TR,2013,75627384.0
TR,TR,2014,76667864.0
TR,TR,2015,77695904.0
TR,TR,2016,78741053.0
TR,TR,2017,79814871.0
TR,TR,2018,80810525.0
TR,TR,2019,82003882.0
TR,TR,2020,83154997.0
TR,TR,2021,83614362.0
TR,TR,2022,84680273.0
TR,TR,2023,85279553.0
TR,TR,2024,85372377.0
TR,TR,2025,85664944.0
UA,UA,2000,49114950.0
UA,UA,2001,48663609.0
UA,UA,2002,48240902.0
UA,UA,2003,47823108.0
UA,UA,2004,47442079.0
UA,UA,2005,47100462.0
UA,UA,2006,46749170.0
UA,UA,2007,46465691.0
UA,UA,2008,46192309.0
UA,UA,2009,45963359.0
UA,UA,2010,45782592.0
UA,UA,2011,45598179.0
UA,UA,2012,45453282.0
UA,UA,2013,45372692.0
UA,UA,2014,45245894.0
UA,UA,2015,42759661.0
UA,UA,2016,42590879.0
UA,UA,2017,42414905.0
UA,UA,2018,42216766.0
UA,UA,2019,41983564.0
UA,UA,2020,41732779.0
UA,UA,2021,41418717.0
UA,UA,2022,40997698.0
UK,United Kingdom,1960,52200000.0
UK,United Kingdom,1961,52600000.0
UK,United Kingdom,1962,53000000.0
UK,United Kingdom,1963,53500000.0
UK,United Kingdom,1964,53800000.0
UK,United Kingdom,1965,54200000.0
UK,United Kingdom,1966,54496100.0
UK,United Kingdom,1967,54800900.0
UK,United Kingdom,1968,55086300.0
UK,United Kingdom,1969,55337100.0
UK,United Kingdom,1970,55546400.0
UK,United Kingdom,1971,55780100.0
UK,United Kingdom,1972,56012345.0
UK,United Kingdom,1973,56159785.0
UK,United Kingdom,1974,56229268.0
UK,United Kingdom,1975,56230680.0
UK,United Kingdom,1976,56220920.0
UK,United Kingdom,1977,56203016.0
UK,United Kingdom,1978,56183968.0
UK,United Kingdom,1979,56209039.0
UK,United Kingdom,1980,56284863.0
UK,United Kingdom,1981,56343569.0
UK,United Kingdom,1982,56324088.0
UK,United Kingdom,1983,56303194.0
UK,United Kingdom,1984,56362502.0
UK,United Kingdom,1985,56481641.0
UK,United Kingdom,1986,56618895.0
UK,United Kingdom,1987,56743897.0
UK,United Kingdom,1988,56860203.0
UK,United Kingdom,1989,56996450.0
UK,United Kingdom,1990,57156972.0
UK,United Kingdom,1991,57338199.0
UK,United Kingdom,1992,57511594.0
UK,United Kingdom,1993,57649210.0
UK,United Kingdom,1994,57788017.0
UK,United Kingdom,1995,57943472.0
UK,United Kingdom,1996,58094587.0
UK,United Kingdom,1997,58239312.0
UK,United Kingdom,1998,58394596.0
UK,United Kingdom,1999,58579685.0
UK,United Kingdom,2000,58785246.0
UK,United Kingdom,2001,58999781.0
UK,United Kingdom,2002,59239564.0
UK,United Kingdom,2003,59501394.0
UK,United Kingdom,2004,59793759.0
UK,United Kingdom,2005,60182050.0
UK,United Kingdom,2006,60620361.0
UK,United Kingdom,2007,61073279.0
UK,United Kingdom,2008,61571647.0
UK,United Kingdom,2009,62042343.0
UK,United Kingdom,2010,62510197.0
UK,United Kingdom,2011,63022532.0
UK,United Kingdom,2012,63495088.0
UK,United Kingdom,2013,63905342.0
UK,United Kingdom,2014,64351203.0
UK,United Kingdom,2015,64853393.0
UK,United Kingdom,2016,65379044.0
UK,United Kingdom,2017,65844142.0
UK,United Kingdom,2018,66273576.0
UK,United Kingdom,2019,66647112.0
UK,United Kingdom,2020,67025542.0
XK,XK,2003,1985000.0
XK,XK,2004,2016000.0
XK,XK,2005,2041000.0
XK,XK,2006,2100000.0
XK,XK,2007,2126708.0
XK,XK,2008,2153139.0
XK,XK,2009,2180686.0
XK,XK,2010,2208107.0
XK,XK,2011,1794180.0
XK,XK,2016,1771604.0
XK,XK,2017,1783531.0
XK,XK,2018,1798506.0
XK,XK,2019,1795666.0
XK,XK,2020,1782115.0
XK,XK,2021,1798186.0
XK,XK,2022,1773971.0
