idx,title,company,location,time_ago,horari,salary_min_raw,salary_max_raw,job_type,experience,salario_min_anual,salario_max_anual,salario_medio_anual,is_data,is_it_software,is_tech,region,location_normalized,gdp_per_capita,total_remote_jobs,remote_share,premium_salarial_regional,role_category,experience_level,comunidad_autonoma,salario_bruto_anual_est,ine_tech_avg_2024,regional_multiplier,poblacion_ccaa_2026
0,Data Scientist,Mediktor,"Barcelona, Cataluña, España",hace 3 semanas,Jornada completa,,,Jornada completa,,,,,True,False,True,Catalonia,"barcelona, cataluña, españa",28590.0,488.0,0.2663934426229508,,data_scientist,Mid,Cataluna,45112.2,42741.94,1.0741,8208894
1,Analista de datos,Gift Campaign,"Barcelona, Cataluña, España",hace 6 días,Jornada completa,,,Jornada completa,,,,,False,False,False,Catalonia,"barcelona, cataluña, españa",28590.0,488.0,0.2663934426229508,,data_analyst,Mid,Cataluna,39204.65,42741.94,1.0741,8208894
2,Científico de datos,KH Lloreda,"Canovelles, Cataluña, España",hace 2 días,Jornada completa,,,Jornada completa,,,,,False,False,False,Catalonia,"canovelles, cataluña, españa",28590.0,488.0,0.2663934426229508,,data_scientist,Mid,Total Nacional,42000.0,42741.94,1.0,49570725
3,Data Scientist,ByRatings,"Barcelona, Cataluña, España",hace 3 meses,Jornada completa,,,Jornada completa,,,,,True,False,True,Catalonia,"barcelona, cataluña, españa",28590.0,488.0,0.2663934426229508,,data_scientist,Mid,Cataluna,45112.2,42741.94,1.0741,8208894
4,Data Governance Analyst,Zurich Insurance,"Barcelona, Cataluña, España",hace 5 horas,Jornada completa · Intermedio,,,Jornada completa,Intermedio,,,,True,False,True,Catalonia,"barcelona, cataluña, españa",28590.0,488.0,0.2663934426229508,,data_analyst,Mid,Cataluna,39204.65,42741.94,1.0741,8208894
5,Data Analyst,Data Analyst,"CO Business Reporting & Analytics, Meta, España",hace 10 horas,Jornada completa,,,Jornada completa,,,,,True,False,True,,"co business reporting & analytics, meta, españa",,,,,data_analyst,Mid,Total Nacional,36500.0,42741.94,1.0,49570725
6,Data Scientist – Marketing & Network Analytics,King,"Barcelona, Cataluña, España",hace 1 semana,Jornada completa,,,Jornada completa,,,,,True,False,True,Catalonia,"barcelona, cataluña, españa",28590.0,488.0,0.2663934426229508,,data_scientist,Mid,Cataluna,45112.2,42741.94,1.0741,8208894
7,Principal Applied & Data Scientist,Microsoft,"Barcelona, Cataluña, España",hace 2 semanas,Jornada completa,,,Jornada completa,,,,,True,False,True,Catalonia,"barcelona, cataluña, españa",28590.0,488.0,0.2663934426229508,,data_scientist,Senior,Cataluna,67131.25,42741.94,1.0741,8208894
8,Analista de Datos Power BI.,Onclusive,"Barcelona, Cataluña, España",hace 4 días,Jornada completa · Algo de responsabilidad,,,Jornada completa,Algo de responsabilidad,,,,True,False,True,Catalonia,"barcelona, cataluña, españa",28590.0,488.0,0.2663934426229508,,data_analyst,Mid,Cataluna,39204.65,42741.94,1.0741,8208894
9,Game Data Scientist/Analyst - Barcelona Gaming Giant,Touchpoint Resource Ltd,"Barcelona, Cataluña, España",hace 1 mes,Jornada completa · Intermedio,,,Jornada completa,Intermedio,,,,True,False,True,Catalonia,"barcelona, cataluña, españa",28590.0,488.0,0.2663934426229508,,data_scientist,Mid,Cataluna,45112.2,42741.94,1.0741,8208894
10,Gerente de Auditoría de sistemas de información y analista de datos,Grant Thornton España,"Barcelona, Cataluña, España",hace 2 semanas,Jornada completa · Intermedio,,,Jornada completa,Intermedio,,,,False,False,False,Catalonia,"barcelona, cataluña, españa",28590.0,488.0,0.2663934426229508,,data_analyst,Mid,Cataluna,39204.65,42741.94,1.0741,8208894
11,Data Analyst,SDG Group Iberia,"Barcelona, Cataluña, España",hace 3 horas,Jornada completa · Sin experiencia,,,Jornada completa,Sin experiencia,,,,True,False,True,Catalonia,"barcelona, cataluña, españa",28590.0,488.0,0.2663934426229508,,data_analyst,Mid,Cataluna,39204.65,42741.94,1.0741,8208894
12,Pricing Data Analyst,MANGO,"Palau-solità i Plegamans, Cataluña, España",hace 3 semanas,Jornada completa · Sin experiencia,,,Jornada completa,Sin experiencia,,,,True,False,True,Catalonia,"palau-solità i plegamans, cataluña, españa",28590.0,488.0,0.2663934426229508,,data_analyst,Mid,Total Nacional,36500.0,42741.94,1.0,49570725
13,"Global Analytics,Data and Automation Scientist",Alcon,"Barcelona, Cataluña, España",hace 1 semana,Jornada completa · Sin experiencia,,,Jornada completa,Sin experiencia,,,,True,True,True,Catalonia,"barcelona, cataluña, españa",28590.0,488.0,0.2663934426229508,,data_analyst,Mid,Cataluna,39204.65,42741.94,1.0741,8208894
14,Data Scientist,Ocado Technology,"Barcelona, Cataluña, España",hace 1 semana,Jornada completa · Sin experiencia,,,Jornada completa,Sin experiencia,,,,True,False,True,Catalonia,"barcelona, cataluña, españa",28590.0,488.0,0.2663934426229508,,data_scientist,Mid,Cataluna,45112.2,42741.94,1.0741,8208894
15,"Data Scientist,Software Development-ESP",CloudBlue,"Barcelona, Cataluña, España",hace 2 semanas,Jornada completa · Sin experiencia,,,Jornada completa,Sin experiencia,,,,True,True,True,Catalonia,"barcelona, cataluña, españa",28590.0,488.0,0.2663934426229508,,data_scientist,Mid,Cataluna,45112.2,42741.94,1.0741,8208894
16,Data Scientist - Digital Finance Hub,Novartis España,"Barcelona, Cataluña, España",hace 3 semanas,Jornada completa · Algo de responsabilidad,,,Jornada completa,Algo de responsabilidad,,,,True,False,True,Catalonia,"barcelona, cataluña, españa",28590.0,488.0,0.2663934426229508,,data_scientist,Mid,Cataluna,45112.2,42741.94,1.0741,8208894
17,Data Scientist,Chi Square Analytics,"Barcelona, Cataluña, España",hace 1 semana,50.000 £/yr - 65.000 £/yr · Jornada completa · Intermedio,50000.0,65000.0,Jornada completa,Intermedio,50000.0,65000.0,57500.0,True,False,True,Catalonia,"barcelona, cataluña, españa",28590.0,488.0,0.2663934426229508,2.011192724728926,data_scientist,Mid,Cataluna,45112.2,42741.94,1.0741,8208894
18,Advanced Analytics Analyst,Sanofi,"Barcelona, Cataluña, España",hace 1 semana,Jornada completa · Intermedio,,,Jornada completa,Intermedio,,,,True,False,True,Catalonia,"barcelona, cataluña, españa",28590.0,488.0,0.2663934426229508,,data_analyst,Mid,Cataluna,39204.65,42741.94,1.0741,8208894
19,Data Analyst - Routing (GlovoMaps),Glovo,"Barcelona, Cataluña, España",hace 3 días,Jornada completa · Sin experiencia,,,Jornada completa,Sin experiencia,,,,True,False,True,Catalonia,"barcelona, cataluña, españa",28590.0,488.0,0.2663934426229508,,data_analyst,Mid,Cataluna,39204.65,42741.94,1.0741,8208894
20,Data Scientist,Siemens Energy,"Barcelona, Cataluña, España",hace 2 semanas,Jornada completa · Sin experiencia,,,Jornada completa,Sin experiencia,,,,True,False,True,Catalonia,"barcelona, cataluña, españa",28590.0,488.0,0.2663934426229508,,data_scientist,Mid,Cataluna,45112.2,42741.94,1.0741,8208894
21,Product Data Scientist,Preply,"Barcelona, Cataluña, España",hace 1 semana,Jornada completa · Intermedio,,,Jornada completa,Intermedio,,,,True,False,True,Catalonia,"barcelona, cataluña, españa",28590.0,488.0,0.2663934426229508,,data_scientist,Mid,Cataluna,45112.2,42741.94,1.0741,8208894
22,Data Scientist (m/f/d),ZF Group,"Barcelona, Cataluña, España",hace 1 semana,Jornada completa · Sin experiencia,,,Jornada completa,Sin experiencia,,,,True,False,True,Catalonia,"barcelona, cataluña, españa",28590.0,488.0,0.2663934426229508,,data_scientist,Mid,Cataluna,45112.2,42741.94,1.0741,8208894
23,Data Scientist,eDreams ODIGEO,"Barcelona, Cataluña, España",hace 1 semana,Jornada completa · Sin experiencia,,,Jornada completa,Sin experiencia,,,,True,False,True,Catalonia,"barcelona, cataluña, españa",28590.0,488.0,0.2663934426229508,,data_scientist,Mid,Cataluna,45112.2,42741.94,1.0741,8208894
24,Data Scientist,Kraz (Viko Group),"Barcelona, Cataluña, España",hace 3 semanas,Jornada completa · Intermedio,,,Jornada completa,Intermedio,,,,True,False,True,Catalonia,"barcelona, cataluña, españa",28590.0,488.0,0.2663934426229508,,data_scientist,Mid,Cataluna,45112.2,42741.94,1.0741,8208894
25,Data & Applied Scientist II - WebXT,Microsoft,"Barcelona, Cataluña, España",hace 5 días,Jornada completa,,,Jornada completa,,,,,True,False,True,Catalonia,"barcelona, cataluña, españa",28590.0,488.0,0.2663934426229508,,data_analyst,Mid,Cataluna,39204.65,42741.94,1.0741,8208894
26,Data Scientist - Eternal Games,King,"Barcelona, Cataluña, España",hace 1 semana,Jornada completa,,,Jornada completa,,,,,True,False,True,Catalonia,"barcelona, cataluña, españa",28590.0,488.0,0.2663934426229508,,data_scientist,Mid,Cataluna,45112.2,42741.94,1.0741,8208894
27,"Global Analytics,Data and Automation Scientist",Alcon,"Barcelona, Cataluña, España",hace 1 semana,Jornada completa · Sin experiencia,,,Jornada completa,Sin experiencia,,,,True,True,True,Catalonia,"barcelona, cataluña, españa",28590.0,488.0,0.2663934426229508,,data_analyst,Mid,Cataluna,39204.65,42741.94,1.0741,8208894
28,Data Scientist,Sanofi,"Barcelona, Cataluña, España",hace 1 semana,Jornada completa · Intermedio,,,Jornada completa,Intermedio,,,,True,False,True,Catalonia,"barcelona, cataluña, españa",28590.0,488.0,0.2663934426229508,,data_scientist,Mid,Cataluna,45112.2,42741.94,1.0741,8208894
29,Data analyst,Sanofi,"Barcelona, Cataluña, España",hace 3 meses,Jornada completa · Intermedio,,,Jornada completa,Intermedio,,,,True,False,True,Catalonia,"barcelona, cataluña, españa",28590.0,488.0,0.2663934426229508,,data_analyst,Mid,Cataluna,39204.65,42741.94,1.0741,8208894
30,Data Analytics,Deloitte,"Barcelona, Cataluña, España",hace 2 meses,Jornada completa · Algo de responsabilidad,,,Jornada completa,Algo de responsabilidad,,,,True,False,True,Catalonia,"barcelona, cataluña, españa",28590.0,488.0,0.2663934426229508,,data_analyst,Mid,Cataluna,39204.65,42741.94,1.0741,8208894
31,Data Scientist,Allianz Technology,Barcelona y alrededores,hace 1 semana,Jornada completa · Intermedio,,,Jornada completa,Intermedio,,,,True,False,True,Catalonia,barcelona y alrededores,28590.0,488.0,0.2663934426229508,,data_scientist,Mid,Cataluna,45112.2,42741.94,1.0741,8208894
32,Data Scientist (Experimentation),Adevinta,"Barcelona, Cataluña, España",hace 3 semanas,Jornada completa · Intermedio,,,Jornada completa,Intermedio,,,,True,False,True,Catalonia,"barcelona, cataluña, españa",28590.0,488.0,0.2663934426229508,,data_scientist,Mid,Cataluna,45112.2,42741.94,1.0741,8208894
33,DATA SCIENTIST,CaixaBank Tech,"Barcelona, Cataluña, España",hace 3 semanas,Jornada completa,,,Jornada completa,,,,,True,False,True,Catalonia,"barcelona, cataluña, españa",28590.0,488.0,0.2663934426229508,,data_scientist,Mid,Cataluna,45112.2,42741.94,1.0741,8208894
34,Data Scientist Intern,Roche,"Barcelona, Cataluña, España",hace 2 semanas,Jornada completa · Sin experiencia,,,Jornada completa,Sin experiencia,,,,True,False,True,Catalonia,"barcelona, cataluña, españa",28590.0,488.0,0.2663934426229508,,data_scientist,Mid,Cataluna,45112.2,42741.94,1.0741,8208894
35,Data scientist,Softonic,"Barcelona, Cataluña, España",hace 4 horas,Jornada completa · Algo de responsabilidad,,,Jornada completa,Algo de responsabilidad,,,,True,False,True,Catalonia,"barcelona, cataluña, españa",28590.0,488.0,0.2663934426229508,,data_scientist,Mid,Cataluna,45112.2,42741.94,1.0741,8208894
36,Data Analyst,Deloitte,"Barcelona, Cataluña, España",hace 2 meses,Jornada completa · Algo de responsabilidad,,,Jornada completa,Algo de responsabilidad,,,,True,False,True,Catalonia,"barcelona, cataluña, españa",28590.0,488.0,0.2663934426229508,,data_analyst,Mid,Cataluna,39204.65,42741.94,1.0741,8208894
37,Analista Predictivo/a,Zurich Insurance,"Barcelona, Cataluña, España",hace 1 semana,Jornada completa · Intermedio,,,Jornada completa,Intermedio,,,,False,False,False,Catalonia,"barcelona, cataluña, españa",28590.0,488.0,0.2663934426229508,,backend,Mid,Cataluna,38130.55,42741.94,1.0741,8208894
38,Data analyst,Sanofi,"Barcelona, Cataluña, España",hace 2 meses,Jornada completa · Intermedio,,,Jornada completa,Intermedio,,,,True,False,True,Catalonia,"barcelona, cataluña, españa",28590.0,488.0,0.2663934426229508,,data_analyst,Mid,Cataluna,39204.65,42741.94,1.0741,8208894
39,Data Scientist,Werfen,"Lliçà d'Amunt, Cataluña, España",hace 1 semana,Jornada completa · Intermedio,,,Jornada completa,Intermedio,,,,True,False,True,Catalonia,"lliçà d'amunt, cataluña, españa",28590.0,488.0,0.2663934426229508,,data_scientist,Mid,Total Nacional,42000.0,42741.94,1.0,49570725
40,Auditor/a Junior de Sistemas de información y Analista de Datos,Grant Thornton España,"Barcelona, Cataluña, España",hace 2 semanas,Jornada completa · Intermedio,,,Jornada completa,Intermedio,,,,False,False,False,Catalonia,"barcelona, cataluña, españa",28590.0,488.0,0.2663934426229508,,data_analyst,Junior,Cataluna,27926.6,42741.94,1.0741,8208894
41,Actuario Data Scientist,VidaCaixa,"Barcelona, Cataluña, España",hace 4 días,Jornada completa · Algo de responsabilidad,,,Jornada completa,Algo de responsabilidad,,,,True,False,True,Catalonia,"barcelona, cataluña, españa",28590.0,488.0,0.2663934426229508,,data_scientist,Mid,Cataluna,45112.2,42741.94,1.0741,8208894
42,Data Scientist,Zurich Insurance,"Barcelona, Cataluña, España",hace 1 día,Jornada completa · Intermedio,,,Jornada completa,Intermedio,,,,True,False,True,Catalonia,"barcelona, cataluña, españa",28590.0,488.0,0.2663934426229508,,data_scientist,Mid,Cataluna,45112.2,42741.94,1.0741,8208894
43,Data Scientist - Casual Games,Voodoo,"Barcelona, Cataluña, España",hace 1 semana,Jornada completa · Sin experiencia,,,Jornada completa,Sin experiencia,,,,True,False,True,Catalonia,"barcelona, cataluña, españa",28590.0,488.0,0.2663934426229508,,data_scientist,Mid,Cataluna,45112.2,42741.94,1.0741,8208894
44,Data Analyst,Bayer,"Barcelona, Cataluña, España",hace 3 semanas,Jornada completa · Sin experiencia,,,Jornada completa,Sin experiencia,,,,True,False,True,Catalonia,"barcelona, cataluña, españa",28590.0,488.0,0.2663934426229508,,data_analyst,Mid,Cataluna,39204.65,42741.94,1.0741,8208894
45,Analista de Datos,LLYC,"Barcelona, Cataluña, España",hace 1 mes,Jornada completa · Sin experiencia,,,Jornada completa,Sin experiencia,,,,False,False,False,Catalonia,"barcelona, cataluña, españa",28590.0,488.0,0.2663934426229508,,data_analyst,Mid,Cataluna,39204.65,42741.94,1.0741,8208894
46,"Data Scientist,Marketing",Wallapop,"Barcelona, Cataluña, España",hace 1 semana,Jornada completa · Algo de responsabilidad,,,Jornada completa,Algo de responsabilidad,,,,True,False,True,Catalonia,"barcelona, cataluña, españa",28590.0,488.0,0.2663934426229508,,data_scientist,Mid,Cataluna,45112.2,42741.94,1.0741,8208894
47,Data Scientist Personalization,MANGO,"Palau-solità i Plegamans, Cataluña, España",hace 2 días,Jornada completa · Algo de responsabilidad,,,Jornada completa,Algo de responsabilidad,,,,True,False,True,Catalonia,"palau-solità i plegamans, cataluña, españa",28590.0,488.0,0.2663934426229508,,data_scientist,Mid,Total Nacional,42000.0,42741.94,1.0,49570725
48,Energy Markets Data Scientist,Siemens Energy,"Barcelona, Cataluña, España",hace 1 día,Jornada completa · Sin experiencia,,,Jornada completa,Sin experiencia,,,,True,False,True,Catalonia,"barcelona, cataluña, españa",28590.0,488.0,0.2663934426229508,,data_scientist,Mid,Cataluna,45112.2,42741.94,1.0741,8208894
49,Data Scientist / BI Consultant,Robert Walters,"Barcelona, Cataluña, España",hace 2 semanas,Jornada completa · Sin experiencia,,,Jornada completa,Sin experiencia,,,,True,False,True,Catalonia,"barcelona, cataluña, españa",28590.0,488.0,0.2663934426229508,,data_scientist,Mid,Cataluna,45112.2,42741.94,1.0741,8208894
50,Data Mgmt Analyst,Sanofi,"Barcelona, Cataluña, España",hace 1 semana,Jornada completa · Intermedio,,,Jornada completa,Intermedio,,,,True,False,True,Catalonia,"barcelona, cataluña, españa",28590.0,488.0,0.2663934426229508,,data_analyst,Mid,Cataluna,39204.65,42741.94,1.0741,8208894
51,Game Data Scientist,Socialpoint,"Barcelona, Cataluña, España",hace 1 día,Jornada completa · Sin experiencia,,,Jornada completa,Sin experiencia,,,,True,False,True,Catalonia,"barcelona, cataluña, españa",28590.0,488.0,0.2663934426229508,,data_scientist,Mid,Cataluna,45112.2,42741.94,1.0741,8208894
52,Junior Business Intelligence Support Specialist,Zurich Insurance,"Barcelona, Cataluña, España",hace 11 horas,Jornada completa · Sin experiencia,,,Jornada completa,Sin experiencia,,,,True,False,True,Catalonia,"barcelona, cataluña, españa",28590.0,488.0,0.2663934426229508,,data_analyst,Junior,Cataluna,27926.6,42741.94,1.0741,8208894
53,Business/Data Analyst (Power BI),Morgan Philips Group,"Barcelona, Cataluña, España",hace 1 mes,Jornada completa · Algo de responsabilidad,,,Jornada completa,Algo de responsabilidad,,,,True,False,True,Catalonia,"barcelona, cataluña, españa",28590.0,488.0,0.2663934426229508,,data_analyst,Mid,Cataluna,39204.65,42741.94,1.0741,8208894
54,Consultor Junior Business Intelligence & Analytics,EY,"Barcelona, Cataluña, España",hace 1 día,Jornada completa · Sin experiencia,,,Jornada completa,Sin experiencia,,,,True,False,True,Catalonia,"barcelona, cataluña, españa",28590.0,488.0,0.2663934426229508,,data_analyst,Junior,Cataluna,27926.6,42741.94,1.0741,8208894
55,Data Analyst Expert,TDCX,"Barcelona, Cataluña, España",hace 1 día,Jornada completa · Intermedio,,,Jornada completa,Intermedio,,,,True,False,True,Catalonia,"barcelona, cataluña, españa",28590.0,488.0,0.2663934426229508,,data_analyst,Mid,Cataluna,39204.65,42741.94,1.0741,8208894
56,Junior Data Engineer,Sogeti,Barcelona y alrededores,hace 3 horas,Jornada completa · Algo de responsabilidad,,,Jornada completa,Algo de responsabilidad,,,,True,True,True,Catalonia,barcelona y alrededores,28590.0,488.0,0.2663934426229508,,data_engineer,Junior,Cataluna,33297.1,42741.94,1.0741,8208894
57,Data Analyst,Dow Jones,"Barcelona, Cataluña, España",hace 1 semana,Jornada completa,,,Jornada completa,,,,,True,False,True,Catalonia,"barcelona, cataluña, españa",28590.0,488.0,0.2663934426229508,,data_analyst,Mid,Cataluna,39204.65,42741.94,1.0741,8208894
58,Big Data Engineer,Dell Technologies,España,hace 13 horas,Jornada completa,,,Jornada completa,,,,,True,True,True,,españa,,,,,data_engineer,Mid,Total Nacional,43500.0,42741.94,1.0,49570725
59,Data Scientist,Zurich Insurance,"Barcelona, Cataluña, España",hace 5 horas,Jornada completa · Intermedio,,,Jornada completa,Intermedio,,,,True,False,True,Catalonia,"barcelona, cataluña, españa",28590.0,488.0,0.2663934426229508,,data_scientist,Mid,Cataluna,45112.2,42741.94,1.0741,8208894
60,Data Engineer,Deloitte,"Barcelona, Cataluña, España",hace 4 meses,Jornada completa · Algo de responsabilidad,,,Jornada completa,Algo de responsabilidad,,,,True,True,True,Catalonia,"barcelona, cataluña, españa",28590.0,488.0,0.2663934426229508,,data_engineer,Mid,Cataluna,46723.35,42741.94,1.0741,8208894
61,Data Analyst - Partners & Brands (They/She/He),Glovo,"Barcelona, Cataluña, España",hace 2 semanas,Jornada completa · Algo de responsabilidad,,,Jornada completa,Algo de responsabilidad,,,,True,False,True,Catalonia,"barcelona, cataluña, españa",28590.0,488.0,0.2663934426229508,,data_analyst,Mid,Cataluna,39204.65,42741.94,1.0741,8208894
62,Privacy Operations Data Analyst,HP,"Sant Cugat del Vallès, Cataluña, España",hace 6 días,Jornada completa,,,Jornada completa,,,,,True,False,True,Catalonia,"sant cugat del vallès, cataluña, españa",28590.0,488.0,0.2663934426229508,,data_analyst,Mid,Total Nacional,36500.0,42741.94,1.0,49570725
63,Analista Predictivo,Zurich Insurance,"Barcelona, Cataluña, España",hace 1 semana,Jornada completa · Intermedio,,,Jornada completa,Intermedio,,,,False,False,False,Catalonia,"barcelona, cataluña, españa",28590.0,488.0,0.2663934426229508,,backend,Mid,Cataluna,38130.55,42741.94,1.0741,8208894
64,Data Analyst,Fenarc,"Barcelona, Cataluña, España",hace 2 días,Jornada completa · Sin experiencia,,,Jornada completa,Sin experiencia,,,,True,False,True,Catalonia,"barcelona, cataluña, españa",28590.0,488.0,0.2663934426229508,,data_analyst,Mid,Cataluna,39204.65,42741.94,1.0741,8208894
65,Data Analyst - Partner Ops Excellence (They/She/He),Glovo,"Barcelona, Cataluña, España",hace 1 semana,Jornada completa · Algo de responsabilidad,,,Jornada completa,Algo de responsabilidad,,,,True,False,True,Catalonia,"barcelona, cataluña, españa",28590.0,488.0,0.2663934426229508,,data_analyst,Mid,Cataluna,39204.65,42741.94,1.0741,8208894
66,Senior Data Analyst,GBfoods (Corporate Brand of Gallina Blanca),"Barcelona, Cataluña, España",hace 3 semanas,Jornada completa · Algo de responsabilidad,,,Jornada completa,Algo de responsabilidad,,,,True,False,True,Catalonia,"barcelona, cataluña, españa",28590.0,488.0,0.2663934426229508,,data_analyst,Senior,Cataluna,52630.9,42741.94,1.0741,8208894
67,Reporting Data Analyst,Brico Depôt Iberia (Grupo Kingfisher),"Barcelona, Cataluña, España",hace 2 días,Temporal · Sin experiencia,,,Temporal,Sin experiencia,,,,True,False,True,Catalonia,"barcelona, cataluña, españa",28590.0,488.0,0.2663934426229508,,data_analyst,Mid,Cataluna,39204.65,42741.94,1.0741,8208894
68,Data Analyst,MANGO,"Palau-solità i Plegamans, Cataluña, España",hace 3 semanas,Jornada completa · Algo de responsabilidad,,,Jornada completa,Algo de responsabilidad,,,,True,False,True,Catalonia,"palau-solità i plegamans, cataluña, españa",28590.0,488.0,0.2663934426229508,,data_analyst,Mid,Total Nacional,36500.0,42741.94,1.0,49570725
69,Data Analyst - Fraud (They/She/He),Glovo,"Barcelona, Cataluña, España",hace 2 semanas,Jornada completa · Sin experiencia,,,Jornada completa,Sin experiencia,,,,True,False,True,Catalonia,"barcelona, cataluña, españa",28590.0,488.0,0.2663934426229508,,data_analyst,Mid,Cataluna,39204.65,42741.94,1.0741,8208894
70,Data Engineer,CaixaBank Tech,"Barcelona, Cataluña, España",hace 4 días,Jornada completa,,,Jornada completa,,,,,True,True,True,Catalonia,"barcelona, cataluña, españa",28590.0,488.0,0.2663934426229508,,data_engineer,Mid,Cataluna,46723.35,42741.94,1.0741,8208894
71,Senior Reporting Data Analyst,Zurich Insurance,"Barcelona, Cataluña, España",hace 2 semanas,Jornada completa · Intermedio,,,Jornada completa,Intermedio,,,,True,False,True,Catalonia,"barcelona, cataluña, españa",28590.0,488.0,0.2663934426229508,,data_analyst,Senior,Cataluna,52630.9,42741.94,1.0741,8208894
72,Reporting Data Analyst/Developer,PPG,"Barcelona, Cataluña, España",hace 1 semana,Jornada completa,,,Jornada completa,,,,,True,True,True,Catalonia,"barcelona, cataluña, españa",28590.0,488.0,0.2663934426229508,,data_analyst,Mid,Cataluna,39204.65,42741.94,1.0741,8208894
73,Data Analyst (Power BI & SQL),Michael Page,"Barcelona, Cataluña, España",hace 4 semanas,Jornada completa · Algo de responsabilidad,,,Jornada completa,Algo de responsabilidad,,,,True,False,True,Catalonia,"barcelona, cataluña, españa",28590.0,488.0,0.2663934426229508,,data_analyst,Mid,Cataluna,39204.65,42741.94,1.0741,8208894
74,Consultor BI Microsoft,,"Barcelona, Cataluña, España",hace 1 día,Jornada completa · Algo de responsabilidad,,,Jornada completa,Algo de responsabilidad,,,,True,False,True,Catalonia,"barcelona, cataluña, españa",28590.0,488.0,0.2663934426229508,,data_analyst,Mid,Cataluna,39204.65,42741.94,1.0741,8208894
75,GO! Graduate IoT & Data Analysis,Essity,"Barcelona, Cataluña, España",hace 1 día,Jornada completa,,,Jornada completa,,,,,True,False,True,Catalonia,"barcelona, cataluña, españa",28590.0,488.0,0.2663934426229508,,data_analyst,Junior,Cataluna,27926.6,42741.94,1.0741,8208894
76,Data Analyst,Grupo Planeta,"Barcelona, Cataluña, España",hace 1 semana,Jornada completa · Sin experiencia,,,Jornada completa,Sin experiencia,,,,True,False,True,Catalonia,"barcelona, cataluña, españa",28590.0,488.0,0.2663934426229508,,data_analyst,Mid,Cataluna,39204.65,42741.94,1.0741,8208894
77,Senior Data Analyst - vpTech Data team,Veepee,"Barcelona, Cataluña, España",hace 2 meses,Jornada completa · Algo de responsabilidad,,,Jornada completa,Algo de responsabilidad,,,,True,False,True,Catalonia,"barcelona, cataluña, españa",28590.0,488.0,0.2663934426229508,,data_analyst,Senior,Cataluna,52630.9,42741.94,1.0741,8208894
78,Analist funcional BI,TSD Consulting,"Barcelona, Cataluña, España",hace 3 días,Jornada completa · Sin experiencia,,,Jornada completa,Sin experiencia,,,,True,False,True,Catalonia,"barcelona, cataluña, españa",28590.0,488.0,0.2663934426229508,,backend,Mid,Cataluna,38130.55,42741.94,1.0741,8208894
80,Data Analyst (m|f|d) at Dein Traumjob wartet!,join.com,"Barcelona, Cataluña, España",hace 1 día,Jornada completa · Sin experiencia,,,Jornada completa,Sin experiencia,,,,True,False,True,Catalonia,"barcelona, cataluña, españa",28590.0,488.0,0.2663934426229508,,data_analyst,Mid,Cataluna,39204.65,42741.94,1.0741,8208894
81,Data Engineer,Pronovias,"Barcelona, Cataluña, España",hace 2 horas,Jornada completa · Sin experiencia,,,Jornada completa,Sin experiencia,,,,True,True,True,Catalonia,"barcelona, cataluña, españa",28590.0,488.0,0.2663934426229508,,data_engineer,Mid,Cataluna,46723.35,42741.94,1.0741,8208894
82,Data Analyst - Scheduling (They/She/He),Glovo,"Barcelona, Cataluña, España",hace 1 semana,Jornada completa · Sin experiencia,,,Jornada completa,Sin experiencia,,,,True,False,True,Catalonia,"barcelona, cataluña, españa",28590.0,488.0,0.2663934426229508,,data_analyst,Mid,Cataluna,39204.65,42741.94,1.0741,8208894
83,Game Data Analyst,Socialpoint,"Barcelona, Cataluña, España",hace 2 semanas,Jornada completa · Sin experiencia,,,Jornada completa,Sin experiencia,,,,True,False,True,Catalonia,"barcelona, cataluña, españa",28590.0,488.0,0.2663934426229508,,data_analyst,Mid,Cataluna,39204.65,42741.94,1.0741,8208894
84,Desarrollador Big Data (Girona),Accenture España,"Barcelona, Cataluña, España",hace 3 días,Jornada completa · Intermedio,,,Jornada completa,Intermedio,,,,True,False,True,Catalonia,"barcelona, cataluña, españa",28590.0,488.0,0.2663934426229508,,data_analyst,Mid,Cataluna,39204.65,42741.94,1.0741,8208894
85,Incubation Senior Finance & Data Analyst,HP,"Sant Cugat del Vallès, Cataluña, España",hace 1 mes,Jornada completa,,,Jornada completa,,,,,True,False,True,Catalonia,"sant cugat del vallès, cataluña, españa",28590.0,488.0,0.2663934426229508,,data_analyst,Senior,Total Nacional,49000.0,42741.94,1.0,49570725
86,GO! Graduate IT & Data Analysis,Essity,"Barcelona, Cataluña, España",hace 1 día,Jornada completa,,,Jornada completa,,,,,True,False,True,Catalonia,"barcelona, cataluña, españa",28590.0,488.0,0.2663934426229508,,data_analyst,Junior,Cataluna,27926.6,42741.94,1.0741,8208894
87,Data Analyst - A/B testing,eDreams ODIGEO,"Barcelona, Cataluña, España",hace 1 semana,Jornada completa · Sin experiencia,,,Jornada completa,Sin experiencia,,,,True,False,True,Catalonia,"barcelona, cataluña, españa",28590.0,488.0,0.2663934426229508,,data_analyst,Mid,Cataluna,39204.65,42741.94,1.0741,8208894
88,Master Data Analyst,Tech Data,"Barcelona, Cataluña, España",hace 2 semanas,Jornada completa,,,Jornada completa,,,,,True,False,True,Catalonia,"barcelona, cataluña, españa",28590.0,488.0,0.2663934426229508,,data_analyst,Mid,Cataluna,39204.65,42741.94,1.0741,8208894
89,Data Engineer (They/He/She),Adsmurai,"Barcelona, Cataluña, España",hace 1 día,Jornada completa · Intermedio,,,Jornada completa,Intermedio,,,,True,True,True,Catalonia,"barcelona, cataluña, españa",28590.0,488.0,0.2663934426229508,,data_engineer,Mid,Cataluna,46723.35,42741.94,1.0741,8208894
90,Senior Quantitative Analyst,Adecco,"Barcelona, Cataluña, España",hace 2 semanas,Jornada completa · Algo de responsabilidad,,,Jornada completa,Algo de responsabilidad,,,,True,False,True,Catalonia,"barcelona, cataluña, españa",28590.0,488.0,0.2663934426229508,,backend,Senior,Cataluna,51556.8,42741.94,1.0741,8208894
91,Finance Data Analyst (They/She/He),Glovo,"Barcelona, Cataluña, España",hace 3 semanas,Jornada completa · Sin experiencia,,,Jornada completa,Sin experiencia,,,,True,False,True,Catalonia,"barcelona, cataluña, españa",28590.0,488.0,0.2663934426229508,,data_analyst,Mid,Cataluna,39204.65,42741.94,1.0741,8208894
92,Data analyst - Food Solutions (They/She/He),Glovo,"Barcelona, Cataluña, España",hace 2 semanas,Jornada completa · Sin experiencia,,,Jornada completa,Sin experiencia,,,,True,False,True,Catalonia,"barcelona, cataluña, españa",28590.0,488.0,0.2663934426229508,,data_analyst,Mid,Cataluna,39204.65,42741.94,1.0741,8208894
93,Data Analyst - Qcommerce - Sales,Glovo,"Barcelona, Cataluña, España",hace 4 semanas,Jornada completa · Sin experiencia,,,Jornada completa,Sin experiencia,,,,True,False,True,Catalonia,"barcelona, cataluña, españa",28590.0,488.0,0.2663934426229508,,data_analyst,Mid,Cataluna,39204.65,42741.94,1.0741,8208894
94,Data Engineer,Sanofi,"Barcelona, Cataluña, España",hace 1 mes,Jornada completa · Intermedio,,,Jornada completa,Intermedio,,,,True,True,True,Catalonia,"barcelona, cataluña, españa",28590.0,488.0,0.2663934426229508,,data_engineer,Mid,Cataluna,46723.35,42741.94,1.0741,8208894
95,Mid / Senior Data Analyst - Central Data team,Factorial HR,"Barcelona, Cataluña, España",hace 2 días,Jornada completa · Algo de responsabilidad,,,Jornada completa,Algo de responsabilidad,,,,True,False,True,Catalonia,"barcelona, cataluña, españa",28590.0,488.0,0.2663934426229508,,data_analyst,Senior,Cataluna,52630.9,42741.94,1.0741,8208894
96,Data & Insights Analyst,Nestlé Nespresso SA,"Esplugues de Llobregat, Cataluña, España",hace 1 semana,Jornada completa,,,Jornada completa,,,,,True,False,True,Catalonia,"esplugues de llobregat, cataluña, españa",28590.0,488.0,0.2663934426229508,,data_analyst,Mid,Total Nacional,36500.0,42741.94,1.0,49570725
97,Data Analyst,Newrest,"Barcelona, Cataluña, España",hace 3 semanas,Jornada completa · Intermedio,,,Jornada completa,Intermedio,,,,True,False,True,Catalonia,"barcelona, cataluña, españa",28590.0,488.0,0.2663934426229508,,data_analyst,Mid,Cataluna,39204.65,42741.94,1.0741,8208894
98,Senior Data Analyst,Veepee,"Barcelona, Cataluña, España",hace 2 semanas,Jornada completa · Intermedio,,,Jornada completa,Intermedio,,,,True,False,True,Catalonia,"barcelona, cataluña, españa",28590.0,488.0,0.2663934426229508,,data_analyst,Senior,Cataluna,52630.9,42741.94,1.0741,8208894
99,"DATA ANALYST – We have tons of data,what can you do with it ?",Reflex Leads,"Barcelona, Cataluña, España",hace 1 semana,Jornada completa,,,Jornada completa,,,,,True,False,True,Catalonia,"barcelona, cataluña, españa",28590.0,488.0,0.2663934426229508,,data_analyst,Mid,Cataluna,39204.65,42741.94,1.0741,8208894
100,Fraud Data Analyst (They/She/He),Glovo,"Barcelona, Cataluña, España",hace 2 semanas,Jornada completa · Sin experiencia,,,Jornada completa,Sin experiencia,,,,True,False,True,Catalonia,"barcelona, cataluña, españa",28590.0,488.0,0.2663934426229508,,data_analyst,Mid,Cataluna,39204.65,42741.94,1.0741,8208894
101,Data Analyst - Acquisition (They/She/He),Glovo,"Barcelona, Cataluña, España",hace 2 semanas,Jornada completa · Sin experiencia,,,Jornada completa,Sin experiencia,,,,True,False,True,Catalonia,"barcelona, cataluña, españa",28590.0,488.0,0.2663934426229508,,data_analyst,Mid,Cataluna,39204.65,42741.94,1.0741,8208894
102,Senior Global Data Analyst,The Valley Talent,"Barcelona, Cataluña, España",hace 2 días,Jornada completa · Algo de responsabilidad,,,Jornada completa,Algo de responsabilidad,,,,True,False,True,Catalonia,"barcelona, cataluña, españa",28590.0,488.0,0.2663934426229508,,data_analyst,Senior,Cataluna,52630.9,42741.94,1.0741,8208894
103,Crew Data Analyst,Norwegian,"Barcelona, Cataluña, España",hace 2 semanas,Jornada completa · Sin experiencia,,,Jornada completa,Sin experiencia,,,,True,False,True,Catalonia,"barcelona, cataluña, españa",28590.0,488.0,0.2663934426229508,,data_analyst,Mid,Cataluna,39204.65,42741.94,1.0741,8208894
104,Business Data Analyst for Tax Engine,Amazon,"Barcelona, Cataluña, España",hace 1 semana,Jornada completa,,,Jornada completa,,,,,True,False,True,Catalonia,"barcelona, cataluña, españa",28590.0,488.0,0.2663934426229508,,data_analyst,Mid,Cataluna,39204.65,42741.94,1.0741,8208894
105,Data Analyst - Food Innovation,Glovo,"Barcelona, Cataluña, España",hace 4 semanas,Jornada completa · Sin experiencia,,,Jornada completa,Sin experiencia,,,,True,False,True,Catalonia,"barcelona, cataluña, españa",28590.0,488.0,0.2663934426229508,,data_analyst,Mid,Cataluna,39204.65,42741.94,1.0741,8208894
106,Data Analyst - Talent Team (m/f/d),TIER Mobility,"Barcelona, Cataluña, España",hace 2 semanas,Jornada completa · Sin experiencia,,,Jornada completa,Sin experiencia,,,,True,False,True,Catalonia,"barcelona, cataluña, españa",28590.0,488.0,0.2663934426229508,,data_analyst,Mid,Cataluna,39204.65,42741.94,1.0741,8208894
107,Data Analyst - Food Innovation (They/She/He),Glovo,"Barcelona, Cataluña, España",hace 2 días,Jornada completa · Sin experiencia,,,Jornada completa,Sin experiencia,,,,True,False,True,Catalonia,"barcelona, cataluña, españa",28590.0,488.0,0.2663934426229508,,data_analyst,Mid,Cataluna,39204.65,42741.94,1.0741,8208894
108,Data Engineer,Remote,España,hace 2 semanas,Jornada completa · Sin experiencia,,,Jornada completa,Sin experiencia,,,,True,True,True,,españa,,,,,data_engineer,Mid,Total Nacional,43500.0,42741.94,1.0,49570725
109,Senior Data Analyst,Tilting Point,"Barcelona, Cataluña, España",hace 3 semanas,Jornada completa · Algo de responsabilidad,,,Jornada completa,Algo de responsabilidad,,,,True,False,True,Catalonia,"barcelona, cataluña, españa",28590.0,488.0,0.2663934426229508,,data_analyst,Senior,Cataluna,52630.9,42741.94,1.0741,8208894
110,Business Intelligence Analyst (Barcelona),Rover.com,"Barcelona, Cataluña, España",hace 1 mes,Jornada completa · Algo de responsabilidad,,,Jornada completa,Algo de responsabilidad,,,,True,False,True,Catalonia,"barcelona, cataluña, españa",28590.0,488.0,0.2663934426229508,,data_analyst,Mid,Cataluna,39204.65,42741.94,1.0741,8208894
111,JUNIOR DATA ENGINEER,Eurecat - Centro Tecnológico de Catalunya,"Barcelona, Cataluña, España",hace 1 mes,Jornada completa · Algo de responsabilidad,,,Jornada completa,Algo de responsabilidad,,,,True,True,True,Catalonia,"barcelona, cataluña, españa",28590.0,488.0,0.2663934426229508,,data_engineer,Junior,Cataluna,33297.1,42741.94,1.0741,8208894
112,Data Analyst - Q-Commerce - Sales,Glovo,"Barcelona, Cataluña, España",hace 2 semanas,Jornada completa · Sin experiencia,,,Jornada completa,Sin experiencia,,,,True,False,True,Catalonia,"barcelona, cataluña, españa",28590.0,488.0,0.2663934426229508,,data_analyst,Mid,Cataluna,39204.65,42741.94,1.0741,8208894
113,Lead Data Analyst - Crypto,Revolut,España,hace 1 semana,Jornada completa · Intermedio,,,Jornada completa,Intermedio,,,,True,False,True,,españa,,,,,data_analyst,Senior,Total Nacional,49000.0,42741.94,1.0,49570725
114,Senior Data Scientist - Pricing analytics,HP,"Sant Cugat del Vallès, Cataluña, España",hace 1 mes,Jornada completa,,,Jornada completa,,,,,True,False,True,Catalonia,"sant cugat del vallès, cataluña, españa",28590.0,488.0,0.2663934426229508,,data_scientist,Senior,Total Nacional,62500.0,42741.94,1.0,49570725
115,Data Engineer,Accenture España,"Barcelona, Cataluña, España",hace 1 semana,Jornada completa · Intermedio,,,Jornada completa,Intermedio,,,,True,True,True,Catalonia,"barcelona, cataluña, españa",28590.0,488.0,0.2663934426229508,,data_engineer,Mid,Cataluna,46723.35,42741.94,1.0741,8208894
116,Head of Data Analytics (They /She/ He),Glovo,"Barcelona, Cataluña, España",hace 4 semanas,Jornada completa · Director,,,Jornada completa,Director,,,,True,False,True,Catalonia,"barcelona, cataluña, españa",28590.0,488.0,0.2663934426229508,,data_analyst,Senior,Cataluna,52630.9,42741.94,1.0741,8208894
117,Business Intelligence Consultant,Schneider Electric,"Barcelona, Cataluña, España",hace 1 día,Jornada completa · Algo de responsabilidad,,,Jornada completa,Algo de responsabilidad,,,,True,False,True,Catalonia,"barcelona, cataluña, españa",28590.0,488.0,0.2663934426229508,,data_analyst,Mid,Cataluna,39204.65,42741.94,1.0741,8208894
118,Business Intelligence Analyst,Pronovias,"Barcelona, Cataluña, España",hace 3 semanas,Jornada completa · Algo de responsabilidad,,,Jornada completa,Algo de responsabilidad,,,,True,False,True,Catalonia,"barcelona, cataluña, españa",28590.0,488.0,0.2663934426229508,,data_analyst,Mid,Cataluna,39204.65,42741.94,1.0741,8208894
119,Data Analyst - Delivery Flow Team (They/She/He),Glovo,"Barcelona, Cataluña, España",hace 6 días,Jornada completa · Sin experiencia,,,Jornada completa,Sin experiencia,,,,True,False,True,Catalonia,"barcelona, cataluña, españa",28590.0,488.0,0.2663934426229508,,data_analyst,Mid,Cataluna,39204.65,42741.94,1.0741,8208894
120,Software Data Engineer,Aetion,"Barcelona, Cataluña, España",hace 3 horas,Jornada completa · Intermedio,,,Jornada completa,Intermedio,,,,True,True,True,Catalonia,"barcelona, cataluña, españa",28590.0,488.0,0.2663934426229508,,data_engineer,Mid,Cataluna,46723.35,42741.94,1.0741,8208894
121,Celonis Data Analyst,MediaMarkt Iberia,"El Prat de Llobregat, Cataluña, España",hace 5 meses,Jornada completa · Sin experiencia,,,Jornada completa,Sin experiencia,,,,True,False,True,Catalonia,"el prat de llobregat, cataluña, españa",28590.0,488.0,0.2663934426229508,,data_analyst,Mid,Total Nacional,36500.0,42741.94,1.0,49570725
122,Product Data Analyst (They/She/He),Glovo,"Barcelona, Cataluña, España",hace 2 semanas,Jornada completa · Sin experiencia,,,Jornada completa,Sin experiencia,,,,True,False,True,Catalonia,"barcelona, cataluña, españa",28590.0,488.0,0.2663934426229508,,data_analyst,Mid,Cataluna,39204.65,42741.94,1.0741,8208894
123,DATA ENGINEER (H/M),Capgemini Engineering,"Barcelona, Cataluña, España",hace 4 días,Jornada completa · Algo de responsabilidad,,,Jornada completa,Algo de responsabilidad,,,,True,True,True,Catalonia,"barcelona, cataluña, españa",28590.0,488.0,0.2663934426229508,,data_engineer,Mid,Cataluna,46723.35,42741.94,1.0741,8208894
124,"Customer Engineer,Data Analytics,Google Cloud",Google,"Barcelona, Cataluña, España",hace 1 semana,Jornada completa · Sin experiencia,,,Jornada completa,Sin experiencia,,,,True,True,True,Catalonia,"barcelona, cataluña, españa",28590.0,488.0,0.2663934426229508,,data_analyst,Mid,Cataluna,39204.65,42741.94,1.0741,8208894
125,Game Data Analyst (M/F),Madbox,"Barcelona, Cataluña, España",hace 1 mes,Jornada completa · Sin experiencia,,,Jornada completa,Sin experiencia,,,,True,False,True,Catalonia,"barcelona, cataluña, españa",28590.0,488.0,0.2663934426229508,,data_analyst,Mid,Cataluna,39204.65,42741.94,1.0741,8208894
126,Data analyst,Sopra Steria,"Barcelona, Cataluña, España",hace 3 días,Jornada completa · Intermedio,,,Jornada completa,Intermedio,,,,True,False,True,Catalonia,"barcelona, cataluña, españa",28590.0,488.0,0.2663934426229508,,data_analyst,Mid,Cataluna,39204.65,42741.94,1.0741,8208894
127,Senior Data Analyst - BI Team,Veepee,"Barcelona, Cataluña, España",hace 3 semanas,Jornada completa · Intermedio,,,Jornada completa,Intermedio,,,,True,False,True,Catalonia,"barcelona, cataluña, españa",28590.0,488.0,0.2663934426229508,,data_analyst,Senior,Cataluna,52630.9,42741.94,1.0741,8208894
128,Data Analyst,Festo España,"Barcelona, Cataluña, España",hace 8 horas,Jornada completa,,,Jornada completa,,,,,True,False,True,Catalonia,"barcelona, cataluña, españa",28590.0,488.0,0.2663934426229508,,data_analyst,Mid,Cataluna,39204.65,42741.94,1.0741,8208894
129,Data Engineer (Madrid o Barcelona),Innova-tsn,Barcelona y alrededores,hace 1 semana,Jornada completa · Algo de responsabilidad,,,Jornada completa,Algo de responsabilidad,,,,True,True,True,Catalonia,barcelona y alrededores,28590.0,488.0,0.2663934426229508,,data_engineer,Mid,Cataluna,46723.35,42741.94,1.0741,8208894
130,DATA ENGINEER (H/M),Capgemini,"Barcelona, Cataluña, España",hace 6 días,Jornada completa · Sin experiencia,,,Jornada completa,Sin experiencia,,,,True,True,True,Catalonia,"barcelona, cataluña, españa",28590.0,488.0,0.2663934426229508,,data_engineer,Mid,Cataluna,46723.35,42741.94,1.0741,8208894
131,Data engineer - MDM,Sanofi,"Barcelona, Cataluña, España",hace 1 mes,Jornada completa · Intermedio,,,Jornada completa,Intermedio,,,,True,True,True,Catalonia,"barcelona, cataluña, españa",28590.0,488.0,0.2663934426229508,,data_engineer,Mid,Cataluna,46723.35,42741.94,1.0741,8208894
132,"Data Analyst,Pricing-ESP",Ingram Micro,"Barcelona, Cataluña, España",hace 1 semana,Jornada completa · Sin experiencia,,,Jornada completa,Sin experiencia,,,,True,False,True,Catalonia,"barcelona, cataluña, españa",28590.0,488.0,0.2663934426229508,,data_analyst,Mid,Cataluna,39204.65,42741.94,1.0741,8208894
133,"Strategic Data Analyst,International - Remote",Boats Group,"Barcelona, Cataluña, España",hace 1 mes,Prácticas · Sin experiencia,,,,Sin experiencia,,,,True,False,True,Catalonia,"barcelona, cataluña, españa",28590.0,488.0,0.2663934426229508,,data_analyst,Mid,Cataluna,39204.65,42741.94,1.0741,8208894
134,Digital Data Engineer,Sanofi,"Barcelona, Cataluña, España",hace 1 semana,Jornada completa · Intermedio,,,Jornada completa,Intermedio,,,,True,True,True,Catalonia,"barcelona, cataluña, españa",28590.0,488.0,0.2663934426229508,,data_engineer,Mid,Cataluna,46723.35,42741.94,1.0741,8208894
135,Intelligence Analyst (Remote),CrowdStrike,"Barcelona, Cataluña, España",hace 5 horas,Jornada completa · Algo de responsabilidad,,,Jornada completa,Algo de responsabilidad,,,,True,False,True,Catalonia,"barcelona, cataluña, españa",28590.0,488.0,0.2663934426229508,,backend,Mid,Cataluna,38130.55,42741.94,1.0741,8208894
136,Vulnerability Intelligence Analyst (Remote),CrowdStrike,"Barcelona, Cataluña, España",hace 3 días,Jornada completa · Algo de responsabilidad,,,Jornada completa,Algo de responsabilidad,,,,True,False,True,Catalonia,"barcelona, cataluña, españa",28590.0,488.0,0.2663934426229508,,backend,Mid,Cataluna,38130.55,42741.94,1.0741,8208894
137,Junior Data Engineer,Socialpoint,"Barcelona, Cataluña, España",hace 1 semana,Jornada completa · Algo de responsabilidad,,,Jornada completa,Algo de responsabilidad,,,,True,True,True,Catalonia,"barcelona, cataluña, españa",28590.0,488.0,0.2663934426229508,,data_engineer,Junior,Cataluna,33297.1,42741.94,1.0741,8208894
138,Senior Data Analyst - Product,FREE NOW,"Barcelona, Cataluña, España",hace 5 días,Jornada completa · Algo de responsabilidad,,,Jornada completa,Algo de responsabilidad,,,,True,False,True,Catalonia,"barcelona, cataluña, españa",28590.0,488.0,0.2663934426229508,,data_analyst,Senior,Cataluna,52630.9,42741.94,1.0741,8208894
139,CRM-Data Analyst,imagin,"Barcelona, Cataluña, España",hace 1 semana,Jornada completa · Intermedio,,,Jornada completa,Intermedio,,,,True,False,True,Catalonia,"barcelona, cataluña, españa",28590.0,488.0,0.2663934426229508,,data_analyst,Mid,Cataluna,39204.65,42741.94,1.0741,8208894
140,(Senior) Data Analyst m/f/d I on-site or remote,BestSecret,España,hace 2 semanas,Jornada completa · Sin experiencia,,,Jornada completa,Sin experiencia,,,,True,False,True,,españa,,,,,data_analyst,Senior,Total Nacional,49000.0,42741.94,1.0,49570725
141,Data Engineer,AXA Partners,"Barcelona, Cataluña, España",hace 2 semanas,Jornada completa · Sin experiencia,,,Jornada completa,Sin experiencia,,,,True,True,True,Catalonia,"barcelona, cataluña, españa",28590.0,488.0,0.2663934426229508,,data_engineer,Mid,Cataluna,46723.35,42741.94,1.0741,8208894
142,Data Analyst - Product,FREE NOW,"Barcelona, Cataluña, España",hace 6 días,Jornada completa · Algo de responsabilidad,,,Jornada completa,Algo de responsabilidad,,,,True,False,True,Catalonia,"barcelona, cataluña, españa",28590.0,488.0,0.2663934426229508,,data_analyst,Mid,Cataluna,39204.65,42741.94,1.0741,8208894
143,Data Engineer Internship,Zurich Insurance,"Barcelona, Cataluña, España",hace 1 semana,Media jornada · Prácticas,,,Media jornada,,,,,True,True,True,Catalonia,"barcelona, cataluña, españa",28590.0,488.0,0.2663934426229508,,data_engineer,Mid,Cataluna,46723.35,42741.94,1.0741,8208894
144,Data Engineer BI,Page Personnel,"Barcelona, Cataluña, España",hace 5 meses,Jornada completa · Sin experiencia,,,Jornada completa,Sin experiencia,,,,True,True,True,Catalonia,"barcelona, cataluña, españa",28590.0,488.0,0.2663934426229508,,data_engineer,Mid,Cataluna,46723.35,42741.94,1.0741,8208894
145,Data Engineer BI,Page Personnel,"Barcelona, Cataluña, España",hace 4 meses,Jornada completa · Sin experiencia,,,Jornada completa,Sin experiencia,,,,True,True,True,Catalonia,"barcelona, cataluña, españa",28590.0,488.0,0.2663934426229508,,data_engineer,Mid,Cataluna,46723.35,42741.94,1.0741,8208894
146,Senior Data Analyst,Reloadly,"Barcelona, Cataluña, España",hace 3 semanas,Jornada completa · Algo de responsabilidad,,,Jornada completa,Algo de responsabilidad,,,,True,False,True,Catalonia,"barcelona, cataluña, españa",28590.0,488.0,0.2663934426229508,,data_analyst,Senior,Cataluna,52630.9,42741.94,1.0741,8208894
147,Biostatistician II,Veristat,"Barcelona, Cataluña, España",hace 4 días,Jornada completa · Algo de responsabilidad,,,Jornada completa,Algo de responsabilidad,,,,False,False,False,Catalonia,"barcelona, cataluña, españa",28590.0,488.0,0.2663934426229508,,mobile,Mid,Cataluna,41889.9,42741.94,1.0741,8208894
148,Data Analyst,Grupo Planeta,"Barcelona, Cataluña, España",hace 1 semana,Jornada completa · Intermedio,,,Jornada completa,Intermedio,,,,True,False,True,Catalonia,"barcelona, cataluña, españa",28590.0,488.0,0.2663934426229508,,data_analyst,Mid,Cataluna,39204.65,42741.94,1.0741,8208894
149,Digital Marketing Data Analyst/Data Scientist,HP,"Sant Cugat del Vallès, Cataluña, España",hace 3 semanas,Jornada completa,,,Jornada completa,,,,,True,False,True,Catalonia,"sant cugat del vallès, cataluña, españa",28590.0,488.0,0.2663934426229508,,data_scientist,Mid,Total Nacional,42000.0,42741.94,1.0,49570725
150,Business Data Analyst (They/She/He),Glovo,"Barcelona, Cataluña, España",hace 1 semana,Jornada completa · Algo de responsabilidad,,,Jornada completa,Algo de responsabilidad,,,,True,False,True,Catalonia,"barcelona, cataluña, españa",28590.0,488.0,0.2663934426229508,,data_analyst,Mid,Cataluna,39204.65,42741.94,1.0741,8208894
151,Junior Data Analyst,TravelPerk,"Barcelona, Cataluña, España",hace 6 días,Jornada completa · Intermedio,,,Jornada completa,Intermedio,,,,True,False,True,Catalonia,"barcelona, cataluña, españa",28590.0,488.0,0.2663934426229508,,data_analyst,Junior,Cataluna,27926.6,42741.94,1.0741,8208894
152,Data Scientist - Insurance / Financial Services Background,Zurich Insurance,"Barcelona, Cataluña, España",hace 1 día,Jornada completa · Intermedio,,,Jornada completa,Intermedio,,,,True,False,True,Catalonia,"barcelona, cataluña, españa",28590.0,488.0,0.2663934426229508,,data_scientist,Mid,Cataluna,45112.2,42741.94,1.0741,8208894
153,EMEA BI Sr Data Analyst,Ingram Micro,"Barcelona, Cataluña, España",hace 1 día,Jornada completa · Algo de responsabilidad,,,Jornada completa,Algo de responsabilidad,,,,True,False,True,Catalonia,"barcelona, cataluña, españa",28590.0,488.0,0.2663934426229508,,data_analyst,Senior,Cataluna,52630.9,42741.94,1.0741,8208894
154,Senior Data Analyst,Dynatrace,"Barcelona, Cataluña, España",hace 1 día,Jornada completa · Algo de responsabilidad,,,Jornada completa,Algo de responsabilidad,,,,True,False,True,Catalonia,"barcelona, cataluña, españa",28590.0,488.0,0.2663934426229508,,data_analyst,Senior,Cataluna,52630.9,42741.94,1.0741,8208894
155,Data Analyst,AHEAD TECHNOLOGY,España,hace 1 semana,Jornada completa · Algo de responsabilidad,,,Jornada completa,Algo de responsabilidad,,,,True,False,True,,españa,,,,,data_analyst,Mid,Total Nacional,36500.0,42741.94,1.0,49570725
156,"Senior Data Analyst (Bangkok Based,relocation provided)",Agoda,"Barcelona, Cataluña, España",hace 1 semana,Jornada completa · Algo de responsabilidad,,,Jornada completa,Algo de responsabilidad,,,,True,False,True,Catalonia,"barcelona, cataluña, españa",28590.0,488.0,0.2663934426229508,,data_analyst,Senior,Cataluna,52630.9,42741.94,1.0741,8208894
157,Junior Solution Engineer DWH/BI,Zurich Insurance,"Barcelona, Cataluña, España",hace 2 semanas,Jornada completa · Intermedio,,,Jornada completa,Intermedio,,,,True,True,True,Catalonia,"barcelona, cataluña, españa",28590.0,488.0,0.2663934426229508,,backend,Junior,Cataluna,26852.5,42741.94,1.0741,8208894
158,Research Data Scientist,Meta,España,hace 4 horas,Jornada completa,,,Jornada completa,,,,,True,False,True,,españa,,,,,data_scientist,Mid,Total Nacional,42000.0,42741.94,1.0,49570725
159,Data Engineer,Amazon,"Barcelona, Cataluña, España",hace 2 semanas,Jornada completa,,,Jornada completa,,,,,True,True,True,Catalonia,"barcelona, cataluña, españa",28590.0,488.0,0.2663934426229508,,data_engineer,Mid,Cataluna,46723.35,42741.94,1.0741,8208894
160,Ad Operations Data Analyst,Younited,"Barcelona, Cataluña, España",hace 3 semanas,Jornada completa · Sin experiencia,,,Jornada completa,Sin experiencia,,,,True,False,True,Catalonia,"barcelona, cataluña, españa",28590.0,488.0,0.2663934426229508,,data_analyst,Mid,Cataluna,39204.65,42741.94,1.0741,8208894
161,Analista Funcional BI,TSD Consulting,"Barcelona, Cataluña, España",hace 2 semanas,Jornada completa · Intermedio,,,Jornada completa,Intermedio,,,,True,False,True,Catalonia,"barcelona, cataluña, españa",28590.0,488.0,0.2663934426229508,,backend,Mid,Cataluna,38130.55,42741.94,1.0741,8208894
162,"Data Analyst,Pricing-ESP",Ingram Micro,"Barcelona, Cataluña, España",hace 6 horas,Jornada completa · Sin experiencia,,,Jornada completa,Sin experiencia,,,,True,False,True,Catalonia,"barcelona, cataluña, españa",28590.0,488.0,0.2663934426229508,,data_analyst,Mid,Cataluna,39204.65,42741.94,1.0741,8208894
163,Data Engineer - BI,Glovo,"Barcelona, Cataluña, España",hace 1 mes,Jornada completa · Algo de responsabilidad,,,Jornada completa,Algo de responsabilidad,,,,True,True,True,Catalonia,"barcelona, cataluña, españa",28590.0,488.0,0.2663934426229508,,data_engineer,Mid,Cataluna,46723.35,42741.94,1.0741,8208894
164,Data Engineer,Amazon,"Barcelona, Cataluña, España",hace 2 semanas,Jornada completa,,,Jornada completa,,,,,True,True,True,Catalonia,"barcelona, cataluña, españa",28590.0,488.0,0.2663934426229508,,data_engineer,Mid,Cataluna,46723.35,42741.94,1.0741,8208894
165,Data Engineer,Robert Walters,"Barcelona, Cataluña, España",hace 1 semana,Jornada completa · Sin experiencia,,,Jornada completa,Sin experiencia,,,,True,True,True,Catalonia,"barcelona, cataluña, españa",28590.0,488.0,0.2663934426229508,,data_engineer,Mid,Cataluna,46723.35,42741.94,1.0741,8208894
166,Data Governance Analyst - Europe remote,Cimpress,España,hace 3 días,Jornada completa · Sin experiencia,,,Jornada completa,Sin experiencia,,,,True,False,True,,españa,,,,,data_analyst,Mid,Total Nacional,36500.0,42741.94,1.0,49570725
167,People Data Analyst,eDreams ODIGEO,"Barcelona, Cataluña, España",hace 1 semana,Jornada completa · Sin experiencia,,,Jornada completa,Sin experiencia,,,,True,False,True,Catalonia,"barcelona, cataluña, españa",28590.0,488.0,0.2663934426229508,,data_analyst,Mid,Cataluna,39204.65,42741.94,1.0741,8208894
168,Data Engineer,Amazon,"Barcelona, Cataluña, España",hace 2 semanas,Jornada completa,,,Jornada completa,,,,,True,True,True,Catalonia,"barcelona, cataluña, españa",28590.0,488.0,0.2663934426229508,,data_engineer,Mid,Cataluna,46723.35,42741.94,1.0741,8208894
169,Data Engineer,Siemens Energy,"Barcelona, Cataluña, España",hace 2 semanas,Jornada completa · Sin experiencia,,,Jornada completa,Sin experiencia,,,,True,True,True,Catalonia,"barcelona, cataluña, españa",28590.0,488.0,0.2663934426229508,,data_engineer,Mid,Cataluna,46723.35,42741.94,1.0741,8208894
170,Product Data Analyst (f/m/d),Homelike,"Barcelona, Cataluña, España",hace 2 días,Jornada completa · Sin experiencia,,,Jornada completa,Sin experiencia,,,,True,False,True,Catalonia,"barcelona, cataluña, españa",28590.0,488.0,0.2663934426229508,,data_analyst,Mid,Cataluna,39204.65,42741.94,1.0741,8208894
171,Data Engineer,Amazon,"Barcelona, Cataluña, España",hace 5 días,Jornada completa,,,Jornada completa,,,,,True,True,True,Catalonia,"barcelona, cataluña, españa",28590.0,488.0,0.2663934426229508,,data_engineer,Mid,Cataluna,46723.35,42741.94,1.0741,8208894
172,Business Intelligence Engineer,Amazon,"Barcelona, Cataluña, España",hace 2 semanas,Jornada completa,,,Jornada completa,,,,,True,True,True,Catalonia,"barcelona, cataluña, españa",28590.0,488.0,0.2663934426229508,,data_analyst,Mid,Cataluna,39204.65,42741.94,1.0741,8208894
173,Data Engineer,DNV,"Barcelona, Cataluña, España",hace 3 semanas,Jornada completa,,,Jornada completa,,,,,True,True,True,Catalonia,"barcelona, cataluña, españa",28590.0,488.0,0.2663934426229508,,data_engineer,Mid,Cataluna,46723.35,42741.94,1.0741,8208894
174,Data Engineer,PepsiCo,"Barcelona, Cataluña, España",hace 2 semanas,Jornada completa · Intermedio,,,Jornada completa,Intermedio,,,,True,True,True,Catalonia,"barcelona, cataluña, españa",28590.0,488.0,0.2663934426229508,,data_engineer,Mid,Cataluna,46723.35,42741.94,1.0741,8208894
175,Data Visualization Engineer,Sanofi,"Barcelona, Cataluña, España",hace 1 semana,Jornada completa · Intermedio,,,Jornada completa,Intermedio,,,,True,True,True,Catalonia,"barcelona, cataluña, españa",28590.0,488.0,0.2663934426229508,,data_analyst,Mid,Cataluna,39204.65,42741.94,1.0741,8208894
176,Credit Intelligence Analyst,Tech Data,"Barcelona, Cataluña, España",hace 2 semanas,Jornada completa,,,Jornada completa,,,,,True,False,True,Catalonia,"barcelona, cataluña, españa",28590.0,488.0,0.2663934426229508,,backend,Mid,Cataluna,38130.55,42741.94,1.0741,8208894
177,Data Analyst- Finance,TravelPerk,"Barcelona, Cataluña, España",hace 5 meses,Jornada completa · Intermedio,,,Jornada completa,Intermedio,,,,True,False,True,Catalonia,"barcelona, cataluña, españa",28590.0,488.0,0.2663934426229508,,data_analyst,Mid,Cataluna,39204.65,42741.94,1.0741,8208894
178,BI Designer and Data Visualization,HP,"Sant Cugat del Vallès, Cataluña, España",hace 1 mes,Jornada completa,,,Jornada completa,,,,,True,False,True,Catalonia,"sant cugat del vallès, cataluña, españa",28590.0,488.0,0.2663934426229508,,data_analyst,Mid,Total Nacional,36500.0,42741.94,1.0,49570725
179,"Business Intelligence Engineer,EMEA GES",Amazon,"Barcelona, Cataluña, España",hace 2 días,Jornada completa,,,Jornada completa,,,,,True,True,True,Catalonia,"barcelona, cataluña, españa",28590.0,488.0,0.2663934426229508,,data_analyst,Mid,Cataluna,39204.65,42741.94,1.0741,8208894
180,Junior Data Scraping Engineer (Python),Flanks,"Barcelona, Cataluña, España",hace 2 días,Jornada completa · Algo de responsabilidad,,,Jornada completa,Algo de responsabilidad,,,,True,True,True,Catalonia,"barcelona, cataluña, españa",28590.0,488.0,0.2663934426229508,,data_analyst,Junior,Cataluna,27926.6,42741.94,1.0741,8208894
181,Data Engineer BI,Michael Page,"Barcelona, Cataluña, España",hace 4 meses,Jornada completa · Sin experiencia,,,Jornada completa,Sin experiencia,,,,True,True,True,Catalonia,"barcelona, cataluña, españa",28590.0,488.0,0.2663934426229508,,data_engineer,Mid,Cataluna,46723.35,42741.94,1.0741,8208894
182,Business Intelligence Consultant,Mur&Partners,"Barcelona, Cataluña, España",hace 3 semanas,Jornada completa · Algo de responsabilidad,,,Jornada completa,Algo de responsabilidad,,,,True,False,True,Catalonia,"barcelona, cataluña, españa",28590.0,488.0,0.2663934426229508,,data_analyst,Mid,Cataluna,39204.65,42741.94,1.0741,8208894
183,Business Intelligence Analyst (Senior),Thunes,"Barcelona, Cataluña, España",hace 3 semanas,Jornada completa · Algo de responsabilidad,,,Jornada completa,Algo de responsabilidad,,,,True,False,True,Catalonia,"barcelona, cataluña, españa",28590.0,488.0,0.2663934426229508,,data_analyst,Senior,Cataluna,52630.9,42741.94,1.0741,8208894
184,Business Intelligence Engineer,Amazon,"Barcelona, Cataluña, España",hace 2 semanas,Jornada completa,,,Jornada completa,,,,,True,True,True,Catalonia,"barcelona, cataluña, españa",28590.0,488.0,0.2663934426229508,,data_analyst,Mid,Cataluna,39204.65,42741.94,1.0741,8208894
185,Analista de datos ELK,Alisys,España,hace 3 días,Jornada completa · Algo de responsabilidad,,,Jornada completa,Algo de responsabilidad,,,,False,False,False,,españa,,,,,data_analyst,Mid,Total Nacional,36500.0,42741.94,1.0,49570725
186,Business Intelligence Consultant,Mur&Partners,"Barcelona, Cataluña, España",hace 3 semanas,Jornada completa · Algo de responsabilidad,,,Jornada completa,Algo de responsabilidad,,,,True,False,True,Catalonia,"barcelona, cataluña, españa",28590.0,488.0,0.2663934426229508,,data_analyst,Mid,Cataluna,39204.65,42741.94,1.0741,8208894
187,BI Consultant,,"Barcelona, Cataluña, España",hace 3 semanas,Jornada completa · Algo de responsabilidad,,,Jornada completa,Algo de responsabilidad,,,,True,False,True,Catalonia,"barcelona, cataluña, españa",28590.0,488.0,0.2663934426229508,,data_analyst,Mid,Cataluna,39204.65,42741.94,1.0741,8208894
188,Data Engineer,Page Personnel,"Barcelona, Cataluña, España",hace 3 días,Jornada completa · Sin experiencia,,,Jornada completa,Sin experiencia,,,,True,True,True,Catalonia,"barcelona, cataluña, españa",28590.0,488.0,0.2663934426229508,,data_engineer,Mid,Cataluna,46723.35,42741.94,1.0741,8208894
189,Junior Data Scientist - Python,Between Technology,"Barcelona, Cataluña, España",hace 2 días,Jornada completa · Sin experiencia,,,Jornada completa,Sin experiencia,,,,True,True,True,Catalonia,"barcelona, cataluña, españa",28590.0,488.0,0.2663934426229508,,data_scientist,Junior,Cataluna,32223.0,42741.94,1.0741,8208894
190,IT | Data Analyst | Cataluña,ALTEN,"Barcelona, Cataluña, España",hace 1 semana,Jornada completa · Intermedio,,,Jornada completa,Intermedio,,,,True,False,True,Catalonia,"barcelona, cataluña, españa",28590.0,488.0,0.2663934426229508,,data_analyst,Mid,Cataluna,39204.65,42741.94,1.0741,8208894
191,Data Engineer Junior - BI,Kiteris,"Barcelona, Cataluña, España",hace 3 meses,Jornada completa · Algo de responsabilidad,,,Jornada completa,Algo de responsabilidad,,,,True,True,True,Catalonia,"barcelona, cataluña, españa",28590.0,488.0,0.2663934426229508,,data_engineer,Junior,Cataluna,33297.1,42741.94,1.0741,8208894
192,Data Engineer BI,Michael Page,"Barcelona, Cataluña, España",hace 5 meses,Jornada completa · Sin experiencia,,,Jornada completa,Sin experiencia,,,,True,True,True,Catalonia,"barcelona, cataluña, españa",28590.0,488.0,0.2663934426229508,,data_engineer,Mid,Cataluna,46723.35,42741.94,1.0741,8208894
193,BI Data Analyst (M/F),Madbox,"Barcelona, Cataluña, España",hace 7 meses,Jornada completa · Algo de responsabilidad,,,Jornada completa,Algo de responsabilidad,,,,True,False,True,Catalonia,"barcelona, cataluña, españa",28590.0,488.0,0.2663934426229508,,data_analyst,Mid,Cataluna,39204.65,42741.94,1.0741,8208894
194,Data Analyst,Applus+ Laboratories,"Cerdanyola del Vallès, Cataluña, España",hace 3 días,Jornada completa · Algo de responsabilidad,,,Jornada completa,Algo de responsabilidad,,,,True,False,True,Catalonia,"cerdanyola del vallès, cataluña, españa",28590.0,488.0,0.2663934426229508,,data_analyst,Mid,Total Nacional,36500.0,42741.94,1.0,49570725
195,Data Analyst - Qcommerce - Partner Operations,Glovo,"Barcelona, Cataluña, España",hace 4 semanas,Jornada completa · Sin experiencia,,,Jornada completa,Sin experiencia,,,,True,False,True,Catalonia,"barcelona, cataluña, españa",28590.0,488.0,0.2663934426229508,,data_analyst,Mid,Cataluna,39204.65,42741.94,1.0741,8208894
196,Business Data Analyst for Tax Engine,Amazon,"Barcelona, Cataluña, España",hace 2 días,Jornada completa,,,Jornada completa,,,,,True,False,True,Catalonia,"barcelona, cataluña, españa",28590.0,488.0,0.2663934426229508,,data_analyst,Mid,Cataluna,39204.65,42741.94,1.0741,8208894
197,Marketing Data Analyst,CloudBlue,"Barcelona, Cataluña, España",hace 3 días,Jornada completa · Algo de responsabilidad,,,Jornada completa,Algo de responsabilidad,,,,True,False,True,Catalonia,"barcelona, cataluña, españa",28590.0,488.0,0.2663934426229508,,data_analyst,Mid,Cataluna,39204.65,42741.94,1.0741,8208894
198,Data Engineer - BI (They/She/He),Glovo,"Barcelona, Cataluña, España",hace 2 semanas,Jornada completa · Sin experiencia,,,Jornada completa,Sin experiencia,,,,True,True,True,Catalonia,"barcelona, cataluña, españa",28590.0,488.0,0.2663934426229508,,data_engineer,Mid,Cataluna,46723.35,42741.94,1.0741,8208894
199,Business Data Analyst for Tax Engine,Amazon,"Barcelona, Cataluña, España",hace 2 días,Jornada completa,,,Jornada completa,,,,,True,False,True,Catalonia,"barcelona, cataluña, españa",28590.0,488.0,0.2663934426229508,,data_analyst,Mid,Cataluna,39204.65,42741.94,1.0741,8208894
200,Senior Product Data Analyst,BLING,"Barcelona, Cataluña, España",hace 2 días,Jornada completa,,,Jornada completa,,,,,True,False,True,Catalonia,"barcelona, cataluña, españa",28590.0,488.0,0.2663934426229508,,data_analyst,Senior,Cataluna,52630.9,42741.94,1.0741,8208894
201,BI Specialist,JLL,"Vic, Cataluña, España",hace 2 semanas,Jornada completa · Sin experiencia,,,Jornada completa,Sin experiencia,,,,True,False,True,Catalonia,"vic, cataluña, españa",28590.0,488.0,0.2663934426229508,,data_analyst,Mid,Total Nacional,36500.0,42741.94,1.0,49570725
202,Data Analyst,Housfy,"Barcelona, Cataluña, España",hace 1 semana,Jornada completa · Algo de responsabilidad,,,Jornada completa,Algo de responsabilidad,,,,True,False,True,Catalonia,"barcelona, cataluña, españa",28590.0,488.0,0.2663934426229508,,data_analyst,Mid,Cataluna,39204.65,42741.94,1.0741,8208894
203,"Senior Data Analyst,Vendor Analytics – Digital Markets",Gartner,"Barcelona, Cataluña, España",hace 6 horas,Jornada completa · Algo de responsabilidad,,,Jornada completa,Algo de responsabilidad,,,,True,False,True,Catalonia,"barcelona, cataluña, españa",28590.0,488.0,0.2663934426229508,,data_analyst,Senior,Cataluna,52630.9,42741.94,1.0741,8208894
204,Data Engineer,BLING,"Barcelona, Cataluña, España",hace 2 días,Jornada completa,,,Jornada completa,,,,,True,True,True,Catalonia,"barcelona, cataluña, españa",28590.0,488.0,0.2663934426229508,,data_engineer,Mid,Cataluna,46723.35,42741.94,1.0741,8208894
205,Data Engineer - BI (They/She/He),Glovo,"Barcelona, Cataluña, España",hace 2 semanas,Jornada completa · Sin experiencia,,,Jornada completa,Sin experiencia,,,,True,True,True,Catalonia,"barcelona, cataluña, españa",28590.0,488.0,0.2663934426229508,,data_engineer,Mid,Cataluna,46723.35,42741.94,1.0741,8208894
206,Data Analyst,Q-tech,Barcelona y alrededores,hace 1 semana,Jornada completa · Intermedio,,,Jornada completa,Intermedio,,,,True,False,True,Catalonia,barcelona y alrededores,28590.0,488.0,0.2663934426229508,,data_analyst,Mid,Cataluna,39204.65,42741.94,1.0741,8208894
207,Data & Analytics products and Services (DAPS) Internal Communications Intern,Nestlé,"Esplugues de Llobregat, Cataluña, España",hace 3 semanas,Jornada completa,,,Jornada completa,,,,,True,False,True,Catalonia,"esplugues de llobregat, cataluña, españa",28590.0,488.0,0.2663934426229508,,data_analyst,Mid,Total Nacional,36500.0,42741.94,1.0,49570725
208,"Data Engineer,EU Workforce Staffing",Amazon,"Barcelona, Cataluña, España",hace 5 horas,Jornada completa,,,Jornada completa,,,,,True,True,True,Catalonia,"barcelona, cataluña, españa",28590.0,488.0,0.2663934426229508,,data_engineer,Senior,Cataluna,69816.5,42741.94,1.0741,8208894
209,Data Engineer,GfK,Barcelona y alrededores,hace 3 horas,Jornada completa · Intermedio,,,Jornada completa,Intermedio,,,,True,True,True,Catalonia,barcelona y alrededores,28590.0,488.0,0.2663934426229508,,data_engineer,Mid,Cataluna,46723.35,42741.94,1.0741,8208894
210,Senior Data Analyst,Senior Data Analyst,"Mobile, Brainly, España",hace 3 semanas,Jornada completa · Intermedio,,,Jornada completa,Intermedio,,,,True,False,True,,"mobile, brainly, españa",,,,,data_analyst,Senior,Total Nacional,49000.0,42741.94,1.0,49570725
211,Business Intelligence Engineer,Amazon,"Barcelona, Cataluña, España",hace 2 semanas,Jornada completa,,,Jornada completa,,,,,True,True,True,Catalonia,"barcelona, cataluña, españa",28590.0,488.0,0.2663934426229508,,data_analyst,Mid,Cataluna,39204.65,42741.94,1.0741,8208894
212,"Data Analyst,Marketplace",OnFrontiers,"Barcelona, Cataluña, España",hace 1 mes,Jornada completa · Sin experiencia,,,Jornada completa,Sin experiencia,,,,True,False,True,Catalonia,"barcelona, cataluña, españa",28590.0,488.0,0.2663934426229508,,data_analyst,Mid,Cataluna,39204.65,42741.94,1.0741,8208894
213,Senior Business Intelligence & Insights Analyst,Veriff,"Barcelona, Cataluña, España",hace 3 días,Jornada completa · Intermedio,,,Jornada completa,Intermedio,,,,True,False,True,Catalonia,"barcelona, cataluña, españa",28590.0,488.0,0.2663934426229508,,data_analyst,Senior,Cataluna,52630.9,42741.94,1.0741,8208894
214,Data Engineer,Pronovias,Barcelona y alrededores,hace 4 horas,Jornada completa · Algo de responsabilidad,,,Jornada completa,Algo de responsabilidad,,,,True,True,True,Catalonia,barcelona y alrededores,28590.0,488.0,0.2663934426229508,,data_engineer,Mid,Cataluna,46723.35,42741.94,1.0741,8208894
215,Senior Data Analyst/Scientist,Domestika,"Barcelona, Cataluña, España",hace 1 mes,Jornada completa · Algo de responsabilidad,,,Jornada completa,Algo de responsabilidad,,,,True,False,True,Catalonia,"barcelona, cataluña, españa",28590.0,488.0,0.2663934426229508,,data_analyst,Senior,Cataluna,52630.9,42741.94,1.0741,8208894
216,Data Engineer,Michael Page,"Barcelona, Cataluña, España",hace 3 días,Jornada completa · Sin experiencia,,,Jornada completa,Sin experiencia,,,,True,True,True,Catalonia,"barcelona, cataluña, españa",28590.0,488.0,0.2663934426229508,,data_engineer,Mid,Cataluna,46723.35,42741.94,1.0741,8208894
217,Senior Data Analyst,Senior Data Analyst,"Growth, Brainly, España",hace 1 semana,Jornada completa · Intermedio,,,Jornada completa,Intermedio,,,,True,False,True,,"growth, brainly, españa",,,,,data_analyst,Senior,Total Nacional,49000.0,42741.94,1.0,49570725
218,Data Analyst - Qcommerce - Partner Operations,Glovo,"Barcelona, Cataluña, España",hace 1 semana,Jornada completa · Algo de responsabilidad,,,Jornada completa,Algo de responsabilidad,,,,True,False,True,Catalonia,"barcelona, cataluña, españa",28590.0,488.0,0.2663934426229508,,data_analyst,Mid,Cataluna,39204.65,42741.94,1.0741,8208894
219,CONSULTOR BI,SETESCA,"Barcelona, Cataluña, España",hace 1 hora,Jornada completa · Intermedio,,,Jornada completa,Intermedio,,,,True,False,True,Catalonia,"barcelona, cataluña, españa",28590.0,488.0,0.2663934426229508,,backend,Mid,Cataluna,38130.55,42741.94,1.0741,8208894
220,Big Data engineer,GMV,"Barcelona, Cataluña, España",hace 3 semanas,Jornada completa · Sin experiencia,,,Jornada completa,Sin experiencia,,,,True,True,True,Catalonia,"barcelona, cataluña, españa",28590.0,488.0,0.2663934426229508,,data_engineer,Mid,Cataluna,46723.35,42741.94,1.0741,8208894
221,Data Engineer,INNOCV Solutions,España,hace 1 semana,Jornada completa · Sin experiencia,,,Jornada completa,Sin experiencia,,,,True,True,True,,españa,,,,,data_engineer,Mid,Total Nacional,43500.0,42741.94,1.0,49570725
222,Junior Big Data Developer (Tech Support) - Google Cloud Platform,Webhelp,Barcelona y alrededores,hace 1 hora,Jornada completa · Algo de responsabilidad,,,Jornada completa,Algo de responsabilidad,,,,True,True,True,Catalonia,barcelona y alrededores,28590.0,488.0,0.2663934426229508,,data_analyst,Junior,Cataluna,27926.6,42741.94,1.0741,8208894
223,Senior Intelligence Analyst (Remote),CrowdStrike,"Barcelona, Cataluña, España",hace 5 horas,Jornada completa · Algo de responsabilidad,,,Jornada completa,Algo de responsabilidad,,,,True,False,True,Catalonia,"barcelona, cataluña, españa",28590.0,488.0,0.2663934426229508,,backend,Senior,Cataluna,51556.8,42741.94,1.0741,8208894
225,Senior Data Analyst,Adevinta,"Barcelona, Cataluña, España",hace 3 semanas,Jornada completa · Intermedio,,,Jornada completa,Intermedio,,,,True,False,True,Catalonia,"barcelona, cataluña, españa",28590.0,488.0,0.2663934426229508,,data_analyst,Senior,Cataluna,52630.9,42741.94,1.0741,8208894
226,Data Engineer,Toptal,"Sabadell, Cataluña, España",hace 6 horas,Contrato por obra · Intermedio,,,Contrato por obra,Intermedio,,,,True,True,True,Catalonia,"sabadell, cataluña, españa",28590.0,488.0,0.2663934426229508,,data_engineer,Mid,Total Nacional,43500.0,42741.94,1.0,49570725
227,Data Engineer (Returnly),Affirm,España,hace 1 día,Jornada completa · Intermedio,,,Jornada completa,Intermedio,,,,True,True,True,,españa,,,,,data_engineer,Mid,Total Nacional,43500.0,42741.94,1.0,49570725
228,Consultor/a Analytics Qlik Sense,NUNSYS,España,hace 4 semanas,Jornada completa,,,Jornada completa,,,,,True,False,True,,españa,,,,,data_analyst,Mid,Total Nacional,36500.0,42741.94,1.0,49570725
229,Data Analyst,Wallapop,"Barcelona, Cataluña, España",hace 3 semanas,Jornada completa · Algo de responsabilidad,,,Jornada completa,Algo de responsabilidad,,,,True,False,True,Catalonia,"barcelona, cataluña, españa",28590.0,488.0,0.2663934426229508,,data_analyst,Mid,Cataluna,39204.65,42741.94,1.0741,8208894
230,Data Migration Analyst,Accenture España,"Sant Cugat del Vallès, Cataluña, España",hace 1 día,Jornada completa · Intermedio,,,Jornada completa,Intermedio,,,,True,False,True,Catalonia,"sant cugat del vallès, cataluña, españa",28590.0,488.0,0.2663934426229508,,data_analyst,Mid,Total Nacional,36500.0,42741.94,1.0,49570725
231,Master Data Analyst,Page Personnel,"Barcelona, Cataluña, España",hace 1 mes,Jornada completa · Algo de responsabilidad,,,Jornada completa,Algo de responsabilidad,,,,True,False,True,Catalonia,"barcelona, cataluña, españa",28590.0,488.0,0.2663934426229508,,data_analyst,Mid,Cataluna,39204.65,42741.94,1.0741,8208894
232,Data Analyst,Goin,"Barcelona, Cataluña, España",hace 1 mes,Jornada completa,,,Jornada completa,,,,,True,False,True,Catalonia,"barcelona, cataluña, españa",28590.0,488.0,0.2663934426229508,,data_analyst,Mid,Cataluna,39204.65,42741.94,1.0741,8208894
233,Power BI Consultant (I&D),Capgemini,"Barcelona, Cataluña, España",hace 1 semana,Jornada completa · Algo de responsabilidad,,,Jornada completa,Algo de responsabilidad,,,,True,False,True,Catalonia,"barcelona, cataluña, españa",28590.0,488.0,0.2663934426229508,,data_analyst,Mid,Cataluna,39204.65,42741.94,1.0741,8208894
234,Data Analyst/Web Analyst (M/F),Wipro,"Barcelona, Cataluña, España",hace 1 semana,Jornada completa,,,Jornada completa,,,,,True,False,True,Catalonia,"barcelona, cataluña, españa",28590.0,488.0,0.2663934426229508,,data_analyst,Mid,Cataluna,39204.65,42741.94,1.0741,8208894
235,Junior Data Analyst,NTT DATA Business Solutions Spain,"Barcelona, Cataluña, España",hace 3 semanas,Jornada completa,,,Jornada completa,,,,,True,False,True,Catalonia,"barcelona, cataluña, españa",28590.0,488.0,0.2663934426229508,,data_analyst,Junior,Cataluna,27926.6,42741.94,1.0741,8208894
236,,International BI/BA Analyst (H/M),España,hace 1 día,Jornada completa · Intermedio,,,Jornada completa,Intermedio,,,,False,False,False,,españa,,,,,backend,Mid,Total Nacional,35500.0,42741.94,1.0,49570725
237,Data Science,Accenture España,"Barcelona, Cataluña, España",hace 3 semanas,Jornada completa · Sin experiencia,,,Jornada completa,Sin experiencia,,,,True,False,True,Catalonia,"barcelona, cataluña, españa",28590.0,488.0,0.2663934426229508,,data_scientist,Mid,Cataluna,45112.2,42741.94,1.0741,8208894
238,Data Analyst,Product Madness 📱🎮,"Barcelona, Cataluña, España",hace 1 mes,Jornada completa · Sin experiencia,,,Jornada completa,Sin experiencia,,,,True,False,True,Catalonia,"barcelona, cataluña, españa",28590.0,488.0,0.2663934426229508,,data_analyst,Mid,Cataluna,39204.65,42741.94,1.0741,8208894
239,Data Engineer (P.A-0104),M Digital Partner,"Barcelona, Cataluña, España",hace 4 semanas,Jornada completa · Sin experiencia,,,Jornada completa,Sin experiencia,,,,True,True,True,Catalonia,"barcelona, cataluña, españa",28590.0,488.0,0.2663934426229508,,data_engineer,Mid,Cataluna,46723.35,42741.94,1.0741,8208894
240,Junior Data Scientist,Allianz Technology,"Barcelona, Cataluña, España",hace 3 días,Jornada completa,,,Jornada completa,,,,,True,False,True,Catalonia,"barcelona, cataluña, españa",28590.0,488.0,0.2663934426229508,,data_scientist,Junior,Cataluna,32223.0,42741.94,1.0741,8208894
241,Data Engineer,Kiteris,"Barcelona, Cataluña, España",hace 5 meses,Jornada completa · Sin experiencia,,,Jornada completa,Sin experiencia,,,,True,True,True,Catalonia,"barcelona, cataluña, españa",28590.0,488.0,0.2663934426229508,,data_engineer,Mid,Cataluna,46723.35,42741.94,1.0741,8208894
242,Business Intelligence Developer / Analyst (f/m/d).,wefox,"Barcelona, Cataluña, España",hace 2 semanas,Jornada completa · Algo de responsabilidad,,,Jornada completa,Algo de responsabilidad,,,,True,True,True,Catalonia,"barcelona, cataluña, españa",28590.0,488.0,0.2663934426229508,,data_analyst,Mid,Cataluna,39204.65,42741.94,1.0741,8208894
243,Business Intelligence Specialist,Tech Data,"Barcelona, Cataluña, España",hace 2 semanas,Jornada completa,,,Jornada completa,,,,,True,False,True,Catalonia,"barcelona, cataluña, españa",28590.0,488.0,0.2663934426229508,,data_analyst,Mid,Cataluna,39204.65,42741.94,1.0741,8208894
244,Senior Product Data Analyst - Experimentation,Kiwi.com,"Barcelona, Cataluña, España",hace 1 día,Jornada completa · Algo de responsabilidad,,,Jornada completa,Algo de responsabilidad,,,,True,False,True,Catalonia,"barcelona, cataluña, españa",28590.0,488.0,0.2663934426229508,,data_analyst,Senior,Cataluna,52630.9,42741.94,1.0741,8208894
245,Data Analyst / BI Developer,Knossos Consulting,"Barcelona, Cataluña, España",hace 2 días,Jornada completa · Algo de responsabilidad,,,Jornada completa,Algo de responsabilidad,,,,True,True,True,Catalonia,"barcelona, cataluña, españa",28590.0,488.0,0.2663934426229508,,data_analyst,Mid,Cataluna,39204.65,42741.94,1.0741,8208894
246,Ingeniero/a Big Data,open3s,"Barcelona, Cataluña, España",hace 1 mes,Jornada completa · Sin experiencia,,,Jornada completa,Sin experiencia,,,,True,False,True,Catalonia,"barcelona, cataluña, españa",28590.0,488.0,0.2663934426229508,,data_analyst,Mid,Cataluna,39204.65,42741.94,1.0741,8208894
247,Google Professional Data Engineer,Accenture España,"Barcelona, Cataluña, España",hace 2 días,Jornada completa · Intermedio,,,Jornada completa,Intermedio,,,,True,True,True,Catalonia,"barcelona, cataluña, españa",28590.0,488.0,0.2663934426229508,,data_engineer,Mid,Cataluna,46723.35,42741.94,1.0741,8208894
248,Web Analyst - Adobe Analytics,Tech Data,"Barcelona, Cataluña, España",hace 2 semanas,Jornada completa,,,Jornada completa,,,,,True,False,True,Catalonia,"barcelona, cataluña, españa",28590.0,488.0,0.2663934426229508,,data_analyst,Mid,Cataluna,39204.65,42741.94,1.0741,8208894
249,Data Engineer,The Cocktail,España,hace 1 semana,Jornada completa · Intermedio,,,Jornada completa,Intermedio,,,,True,True,True,,españa,,,,,data_engineer,Mid,Total Nacional,43500.0,42741.94,1.0,49570725
