fuente,titulo
Ticjob,Técnico/a Sistemas Senior – Barcelona/Reus (Híbrido)
Ticjob,Senior Cloud Engineer [with English]
Ticjob,Go Developer [with German]
Ticjob,SAP PS - PPM  Consultant    ** Remoto
Ticjob,Consultor/a SAP RAR (Remoto)
Ticjob,Técnico soporte ONSite     *** GRANADA
Ticjob,Ingeniero/a IA
Ticjob,Técnico Ciberseguridad + IA   Junior – Madrid
Ticjob,Desarrollador/a MuleSoft  (Remoto)
Ticjob,Tech Lead Frontend (Angular & React) Híbrido
Ticjob,PMO Senior (Sector Seguros) Híbrido
Ticjob,Consultor/a ITSM y Observabilidad (Híbrido)
Ticjob,Técnico/a Junior Soporte OBS
Ticjob,Gestor/a de Proyectos Tecnológicos (Híbrido)
Ticjob,FullStack Developer (Microservicios/Angular) Inglés alto (Híbrido)
Ticjob,Quality Assurance Support S2 (English)
Ticjob,Técnico/a OBS  Observabilidad & Automatización
Ticjob,Técnico/a de Soporte e Instalación para Soluciones Digitales de Twistic
Ticjob,Desarrollador/a Senior Oracle APEX - Granada o Reus (Híbrido)
Ticjob,3DX Electrical Schematic Designer
